Season,Team,Owner,Player Name,Position,NFL Team,,,,,,,,,
2012,Team McFarland,Ken,Tim Tebow,QB,NYJ,,,,,,,,,
2012,Eat The Sandwich,Spencer,Cam Newton,QB,CAR,,,,,,,,,
2012,Salsa Dancing,Tom,Robert Griffin III,QB,WAS,,,,,,,,,
2012,Gotham City Rogues,Dan,Tom Brady,QB,NE,,,,,,,,,
2012,The Elite Eli's,Gavin,Aaron Rodgers,QB,GB,,,,,,,,,
2012,Rapid City Monuments,TSizz,Drew Brees,QB,NO,,,,,,,,,
2012,The Thirteenth District,James,Matthew Stafford,QB,DET,,,,,,,,,
2012,Former ShepaugTeacher,Spear,Philip Rivers,QB,LAC,,,,,,,,,
2012,Team No College Yet,Dylan,Michael Vick,QB,PHI,,,,,,,,,
2012,Team Charles,Charles,Eli Manning,QB,NYG,,,,,,,,,
2012,Best Served Hot,Ed,Tony Romo,QB,DAL,,,,,,,,,
2012,Wearing Sperrys Popping Cherrys,Carson,Joe Flacco,QB,BAL,,,,,,,,,
2012,Team McFarland,Ken,Arian Foster,RB,HOU,,,,,,,,,
2012,Eat The Sandwich,Spencer,Matt Forte,RB,DAL,,,,,,,,,
2012,Salsa Dancing,Tom,Marshawn Lynch,RB,SEA,,,,,,,,,
2012,Gotham City Rogues,Dan,Darren McFadden,RB,LV,,,,,,,,,
2012,The Elite Eli's,Gavin,Frank Gore,RB,SF,,,,,,,,,
2012,Rapid City Monuments,TSizz,DeMarco Murray,RB,DAL,,,,,,,,,
2012,The Thirteenth District,James,CJ Spiller,RB,BUF,,,,,,,,,
2012,Former ShepaugTeacher,Spear,Mark Ingram,RB,NO,,,,,,,,,
2012,Team No College Yet,Dylan,Fred Jackson,RB,BUF,,,,,,,,,
2012,Team Charles,Charles,Chris Johnson,RB,TEN,,,,,,,,,
2012,Best Served Hot,Ed,Ray RIce,RB,BAL,,,,,,,,,
2012,Wearing Sperrys Popping Cherrys,Carson,LeSean McCoy,RB,PHI,,,,,,,,,
2012,Team McFarland,Ken,Ahmad Bradshaw,RB,NYG,,,,,,,,,
2012,Eat The Sandwich,Spencer,Mikel Leshoure,RB,DET,,,,,,,,,
2012,Salsa Dancing,Tom,Doug Martin,RB,TB,,,,,,,,,
2012,Gotham City Rogues,Dan,Vick Ballard,RB,IND,,,,,,,,,
2012,The Elite Eli's,Gavin,Shonn Greene,RB,NYJ,,,,,,,,,
2012,Rapid City Monuments,TSizz,Jackie Battle,RB,LAC,,,,,,,,,
2012,The Thirteenth District,James,Trent Richardson,RB,CLE,,,,,,,,,
2012,Former ShepaugTeacher,Spear,Bernard Pierce,RB,BAL,,,,,,,,,
2012,Team No College Yet,Dylan,Jonathan Stewart,RB,CAR,,,,,,,,,
2012,Team Charles,Charles,Michael Turner,RB,ATL,,,,,,,,,
2012,Best Served Hot,Ed,Adrian Peterson,RB,MIN,,,,,,,,,
2012,Wearing Sperrys Popping Cherrys,Carson,Alfred Morris,RB,WAS,,,,,,,,,
2012,Team McFarland,Ken,Zach Brown,RB,BUF,,,,,,,,,
2012,Eat The Sandwich,Spencer,Darren Sproles,RB,NO,,,,,,,,,
2012,Salsa Dancing,Tom,Antonio Brown,WR,PIT,,,,,,,,,
2012,Gotham City Rogues,Dan,Santana Moss,WR,WAS,,,,,,,,,
2012,The Elite Eli's,Gavin,Vincent Jackson,WR,TB,,,,,,,,,
2012,Rapid City Monuments,TSizz,Anquan Boldin,WR,BAL,,,,,,,,,
2012,The Thirteenth District,James,Steven Jackson,RB,LAR,,,,,,,,,
2012,Former ShepaugTeacher,Spear,Calvin Johnson,WR,DET,,,,,,,,,
2012,Team No College Yet,Dylan,Stevan Ridley,RB,NE,,,,,,,,,
2012,Team Charles,Charles,Reggie Bush,RB,MIA,,,,,,,,,
2012,Best Served Hot,Ed,Jamaal Charles,RB,KC,,,,,,,,,
2012,Wearing Sperrys Popping Cherrys,Carson,Denarius Moore,WR,LV,,,,,,,,,
2012,Team McFarland,Ken,Victor Cruz,WR,NYG,,,,,,,,,
2012,Eat The Sandwich,Spencer,Demaryius Thomas,WR,DEN,,,,,,,,,
2012,Salsa Dancing,Tom,Brandon Marshall,WR,DAL,,,,,,,,,
2012,Gotham City Rogues,Dan,Wes Welker,WR,NE,,,,,,,,,
2012,The Elite Eli's,Gavin,Mike Wallace,WR,PIT,,,,,,,,,
2012,Rapid City Monuments,TSizz,Julio Jones,WR,ATL,,,,,,,,,
2012,The Thirteenth District,James,Jordy Nelson,WR,GB,,,,,,,,,
2012,Former ShepaugTeacher,Spear,Brandon LaFell,WR,CAR,,,,,,,,,
2012,Team No College Yet,Dylan,Larry Fitzgerald,WR,ARI,,,,,,,,,
2012,Team Charles,Charles,Miles Austin,WR,DAL,,,,,,,,,
2012,Best Served Hot,Ed,Eric Decker,WR,DEN,,,,,,,,,
2012,Wearing Sperrys Popping Cherrys,Carson,Hakeem Hicks,WR,NYG,,,,,,,,,
2012,Team McFarland,Ken,Lance Lewis,WR,WAS,,,,,,,,,
2012,Eat The Sandwich,Spencer,Reggie Wayne,WR,IND,,,,,,,,,
2012,Salsa Dancing,Tom,Brian Hartline,WR,MIA,,,,,,,,,
2012,Gotham City Rogues,Dan,Justin BKackmon,WR,JAX,,,,,,,,,
2012,The Elite Eli's,Gavin,AJ Green,WR,CIN,,,,,,,,,
2012,Rapid City Monuments,TSizz,Randall Cobb,WR,GB,,,,,,,,,
2012,The Thirteenth District,James,Pierre Garcon,WR,WAS,,,,,,,,,
2012,Former ShepaugTeacher,Spear,Jordan Shipley,WR,JAX,,,,,,,,,
2012,Team No College Yet,Dylan,Andre Johnson,WR,HOU,,,,,,,,,
2012,Team Charles,Charles,Cecil Shorts,WR,JAX,,,,,,,,,
2012,Best Served Hot,Ed,Donnie Avery,WR,IND,,,,,,,,,
2012,Wearing Sperrys Popping Cherrys,Carson,Dez Bryant,WR,DAL,,,,,,,,,
2012,Team McFarland,Ken,Jon Baldwin,WR,KC,,,,,,,,,
2012,Eat The Sandwich,Spencer,Steve Smith,WR,CAR,,,,,,,,,
2012,Salsa Dancing,Tom,TY Hilton,WR,IND,,,,,,,,,
2012,Gotham City Rogues,Dan,Marques Colston,WR,NO,,,,,,,,,
2012,The Elite Eli's,Gavin,Jeremy Kerley,WR,NYJ,,,,,,,,,
2012,Rapid City Monuments,TSizz,Brandon Stokley,WR,DEN,,,,,,,,,
2012,The Thirteenth District,James,Steve Johnson,WR,BUF,,,,,,,,,
2012,Former ShepaugTeacher,Spear,Michael Crabtree,WR,SF,,,,,,,,,
2012,Team No College Yet,Dylan,Kenny Britt,WR,TEN,,,,,,,,,
2012,Team Charles,Charles,Leonard Hankerson,WR,WAS,,,,,,,,,
2012,Best Served Hot,Ed,Sidney Rice,WR,SEA,,,,,,,,,
2012,Wearing Sperrys Popping Cherrys,Carson,Jimmy Graham,TE,NO,,,,,,,,,
2012,Team McFarland,Ken,Fred Davis,TE,WAS,,,,,,,,,
2012,Eat The Sandwich,Spencer,Jermichael Finley,TE,GB,,,,,,,,,
2012,Salsa Dancing,Tom,Antonio Gates,TE,LAC,,,,,,,,,
2012,Gotham City Rogues,Dan,Jermaine Gresham,TE,CIN,,,,,,,,,
2012,The Elite Eli's,Gavin,Jason Witten,TE,DAL,,,,,,,,,
2012,Rapid City Monuments,TSizz,Aaron Hernandez,TE,NE,,,,,,,,,
2012,The Thirteenth District,James,Rob Gronkowski,TE,NE,,,,,,,,,
2012,Former ShepaugTeacher,Spear,Delanie Walker,TE,SF,,,,,,,,,
2012,Team No College Yet,Dylan,Owen Daniels,TE,HOU,,,,,,,,,
2012,Team Charles,Charles,Jacob Tamme,TE,DEN,,,,,,,,,
2012,Best Served Hot,Ed,Kyle Rudolph,TE,MIN,,,,,,,,,
2012,Wearing Sperrys Popping Cherrys,Carson,Tony Gonzalez,TE,ATL,,,,,,,,,
2012,Team McFarland,Ken,Falcons D/ST,DEF,ATL,,,,,,,,,
2012,Eat The Sandwich,Spencer,Bills D/ST,DEF,BUF,,,,,,,,,
2012,Salsa Dancing,Tom,Broncos D/ST,DEF,DEN,,,,,,,,,
2012,Gotham City Rogues,Dan,Bengals D/ST,DEF,CIN,,,,,,,,,
2012,The Elite Eli's,Gavin,Jets D/ST,DEF,NYJ,,,,,,,,,
2012,Rapid City Monuments,TSizz,Dolphins D/ST,DEF,MIA,,,,,,,,,
2012,The Thirteenth District,James,Bears D/ST,DEF,CHI,,,,,,,,,
2012,Former ShepaugTeacher,Spear,Chargers D/ST,DEF,LAC,,,,,,,,,
2012,Team No College Yet,Dylan,Cowboys D/ST,DEF,DAL,,,,,,,,,
2012,Team Charles,Charles,Steelers D/ST,DEF,PIT,,,,,,,,,
2012,Best Served Hot,Ed,Seahawks D/ST,DEF,SEA,,,,,,,,,
2012,Wearing Sperrys Popping Cherrys,Carson,49ers D/ST,DEF,SF,,,,,,,,,
2012,Team McFarland,Ken,Stephen Gostkowski,K,NE,,,,,,,,,
2012,Eat The Sandwich,Spencer,Matt Prater,K,DEN,,,,,,,,,
2012,Salsa Dancing,Tom,Justin Tucker,K,BAL,,,,,,,,,
2012,Gotham City Rogues,Dan,BKair Walsh,K,MIN,,,,,,,,,
2012,The Elite Eli's,Gavin,Mason Crosby,K,GB,,,,,,,,,
2012,Rapid City Monuments,TSizz,Phil Dawson,K,CLE,,,,,,,,,
2012,The Thirteenth District,James,Sebastian Janikowski,K,LV,,,,,,,,,
2012,Former ShepaugTeacher,Spear,Shayne Graham,K,HOU,,,,,,,,,
2012,Team No College Yet,Dylan,Matt Bryant,K,ATL,,,,,,,,,
2012,Team Charles,Charles,Dan Bailey,K,DAL,,,,,,,,,
2012,Best Served Hot,Ed,Lawrence Tynes,K,NYG,,,,,,,,,
2012,Wearing Sperrys Popping Cherrys,Carson,Jason Hanson,K,DET,,,,,,,,,
2012,Team McFarland,Ken,Carson Palmer,QB,LV,,,,,,,,,
2012,Eat The Sandwich,Spencer,Vernon Davis,TE,SF,,,,,,,,,
2012,Salsa Dancing,Tom,Maurice Jones-Drew,RB,JAX,,,,,,,,,
2012,Gotham City Rogues,Dan,Percy Harvin,WR,MIN,,,,,,,,,
2012,The Elite Eli's,Gavin,Kevin Smith,RB,DET,,,,,,,,,
2012,Rapid City Monuments,TSizz,Ravens D/ST,DEF,BAL,,,,,,,,,
2012,The Thirteenth District,James,Danny Ammendola,WR,LAR,,,,,,,,,
2012,Former ShepaugTeacher,Spear,Roddy White,WR,ATL,,,,,,,,,
2012,Team No College Yet,Dylan,DeAngelo Williams,RB,CAR,,,,,,,,,
2012,Team Charles,Charles,Greg Jennings,WR,GB,,,,,,,,,
2012,Best Served Hot,Ed,Brandon Lloyd,WR,NE,,,,,,,,,
2012,Wearing Sperrys Popping Cherrys,Carson,Willis McGahee,RB,DEN,,,,,,,,,
2012,Team McFarland,Ken,David Wilson,RB,NYG,,,,,,,,,
2012,Eat The Sandwich,Spencer,Texans D/ST,DEF,HOU,,,,,,,,,
2012,Salsa Dancing,Tom,Peyton Manning,QB,DEN,,,,,,,,,
2012,Gotham City Rogues,Dan,Matt Schaub,QB,HOU,,,,,,,,,
2012,The Elite Eli's,Gavin,Darrius Heyward-Bey,WR,LV,,,,,,,,,
2012,Rapid City Monuments,TSizz,Andy Dalton,QB,CIN,,,,,,,,,
2012,The Thirteenth District,James,Jeremy Maclin,WR,PHI,,,,,,,,,
2012,Former ShepaugTeacher,Spear,BenJarvus Green-Ellis,RB,CIN,,,,,,,,,
2012,Team No College Yet,Dylan,Lance Moore,WR,NO,,,,,,,,,
2012,Team Charles,Charles,Torrey Smith,WR,BAL,,,,,,,,,
2012,Best Served Hot,Ed,Peyton Hillis,RB,KC,,,,,,,,,
2012,Wearing Sperrys Popping Cherrys,Carson,GIants D/ST,DEF,NYG,,,,,,,,,
2012,Team McFarland,Ken,Dustin Keller,TE,NYJ,,,,,,,,,
2012,Eat The Sandwich,Spencer,Andrew Luck,QB,IND,,,,,,,,,
2012,Salsa Dancing,Tom,Packers D/ST,DEF,GB,,,,,,,,,
2012,Gotham City Rogues,Dan,Nate Washington,WR,TEN,,,,,,,,,
2012,The Elite Eli's,Gavin,Patriots D/ST,DEF,NE,,,,,,,,,
2012,Rapid City Monuments,TSizz,Brent Celek,TE,PHI,,,,,,,,,
2012,The Thirteenth District,James,Greg Olsen,TE,CAR,,,,,,,,,
2012,Former ShepaugTeacher,Spear,Matt Ryan,QB,ATL,,,,,,,,,
2012,Team No College Yet,Dylan,Toby Gerhart,RB,MIN,,,,,,,,,
2012,Team Charles,Charles,Ben Roethlisberger,QB,PIT,,,,,,,,,
2012,Best Served Hot,Ed,Pierre Thomas,RB,NO,,,,,,,,,
2012,Wearing Sperrys Popping Cherrys,Carson,Andre Roberts,WR,ARI,,,,,,,,,
2012,Team McFarland,Ken,Greg Little,WR,CLE,,,,,,,,,
2012,Eat The Sandwich,Spencer,Kendall Wright,WR,TEN,,,,,,,,,
2012,Salsa Dancing,Tom,Brandon Pettigrew,TE,DET,,,,,,,,,
2012,Gotham City Rogues,Dan,Jared Cook,TE,TEN,,,,,,,,,
2012,The Elite Eli's,Gavin,Joique Bell,RB,DET,,,,,,,,,
2012,Rapid City Monuments,TSizz,Kendall Hunter,RB,SF,,,,,,,,,
2012,The Thirteenth District,James,Danario Alexander,WR,LAC,,,,,,,,,
2012,Former ShepaugTeacher,Spear,Golden Tate,WR,SEA,,,,,,,,,
2012,Team No College Yet,Dylan,Felix Jones,RB,DAL,,,,,,,,,
2012,Team Charles,Charles,Issac Redman,RB,PIT,,,,,,,,,
2012,Best Served Hot,Ed,Jonathan Dwyer,RB,PIT,,,,,,,,,
2012,Wearing Sperrys Popping Cherrys,Carson,Kevin Walter,RB,HOU,,,,,,,,,
2012,Team McFarland,Ken,Rob Bironas,K,TEN,,,,,,,,,
2012,Eat The Sandwich,Spencer,Chris Givens,WR,LAR,,,,,,,,,
2012,Salsa Dancing,Tom,Montell Owens,RB,JAX,,,,,,,,,
2012,Gotham City Rogues,Dan,Ronnie Brown,RB,LAC,,,,,,,,,
2012,The Elite Eli's,Gavin,David Akers,K,SF,,,,,,,,,
2012,Rapid City Monuments,TSizz,LaRod Stephens-Howling,RB,ARI,,,,,,,,,
2012,The Thirteenth District,James,Knowshon Monerno,RB,DEN,,,,,,,,,
2012,Former ShepaugTeacher,Spear,Brandon Myers,TE,LV,,,,,,,,,
2012,Team No College Yet,Dylan,Sam Bradford,QB,LAR,,,,,,,,,
2012,Team Charles,Charles,Shane Vereen,RB,NE,,,,,,,,,
2012,Best Served Hot,Ed,James Jones,WR,GB,,,,,,,,,
2012,Wearing Sperrys Popping Cherrys,Carson,Josh Freeman,QB,TB,,,,,,,,,
2012,Team McFarland,Ken,Davone Bess,WR,MIA,,,,,,,,,
2012,Eat The Sandwich,Spencer,Jacquizz Rodgers,RB,ATL,,,,,,,,,
2012,Salsa Dancing,Tom,Brandon Gibson,WR,LAR,,,,,,,,,
2012,Gotham City Rogues,Dan,Bryce Brown,RB,PHI,,,,,,,,,
2012,The Elite Eli's,Gavin,Domenik Hixon,WR,NYG,,,,,,,,,
2012,Rapid City Monuments,TSizz,Anthony Fasano,TE,MIA,,,,,,,,,
2012,The Thirteenth District,James,Colin Kaepernick,QB,SF,,,,,,,,,
2012,Former ShepaugTeacher,Spear,Ryan Grant,RB,GB,,,,,,,,,
2012,Team No College Yet,Dylan,Mike Williams,WR,TB,,,,,,,,,
2012,Team Charles,Charles,Evan Royster,RB,WAS,,,,,,,,,
2012,Best Served Hot,Ed,Russel Wilson,QB,SEA,,,,,,,,,
2012,Wearing Sperrys Popping Cherrys,Carson,Danny Woodhead,RB,NE,,,,,,,,,
2012,Eat The Sandwich,Spencer,Andre Brown,RB,NYG,,,,,,,,,
2012,Gotham City Rogues,Dan,DeDean Jackson,WR,PHI,,,,,,,,,
2013,Caucasion Sasquatch,Ken,Jay Cutler,QB,MIA,,,,,,,,,
2013,Eat The Sandwich,Spencer,Cam Newton,QB,CAR,,,,,,,,,
2013,Salsa Dancing,Tom,Colin Kaepernick,QB,SF,,,,,,,,,
2013,Gotham City Rogues,Dan,Nick Foles,QB,PHI,,,,,,,,,
2013,The Elite Eli's,Gavin,Alex Smith,QB,KC,,,,,,,,,
2013,Rapid City Monuments,TSizz,Drew Brees,QB,NO,,,,,,,,,
2013,The Thirteenth District,James,Matthew Stafford,QB,DET,,,,,,,,,
2013,Former ShepaugTeacher,Spear,Andrew Luck,QB,IND,,,,,,,,,
2013,Team No College Yet,Dylan,Tony Romo,QB,DAL,,,,,,,,,
2013,Team Charles,Charles,Russell Wilson,QB,SEA,,,,,,,,,
2013,Best Served Hot,Ed,Matt Ryan,QB,ATL,,,,,,,,,
2013,Wearing Sperrys Popping Cherrys,Carson,Peyton Manning,QB,DEN,,,,,,,,,
2013,Caucasion Sasquatch,Ken,Danny Woodhead,RB,LAC,,,,,,,,,
2013,Eat The Sandwich,Spencer,Matt Forte,RB,DAL,,,,,,,,,
2013,Salsa Dancing,Tom,Ryan Mathews,RB,LAC,,,,,,,,,
2013,Gotham City Rogues,Dan,Frank Gore,RB,SF,,,,,,,,,
2013,The Elite Eli's,Gavin,Jamaal Charles,RB,KC,,,,,,,,,
2013,Rapid City Monuments,TSizz,DeMarco Murray,RB,DAL,,,,,,,,,
2013,The Thirteenth District,James,LeSean McCoy,RB,PHI,,,,,,,,,
2013,Former ShepaugTeacher,Spear,Steven Jackson,RB,ATL,,,,,,,,,
2013,Team No College Yet,Dylan,Marshawn Lynch,RB,SEA,,,,,,,,,
2013,Team Charles,Charles,Chris Johnson,RB,NYJ,,,,,,,,,
2013,Best Served Hot,Ed,Adrian Peterson,RB,MIN,,,,,,,,,
2013,Wearing Sperrys Popping Cherrys,Carson,Reggie Bush,RB,DET,,,,,,,,,
2013,Caucasion Sasquatch,Ken,Rashad Jennings,RB,NYG,,,,,,,,,
2013,Eat The Sandwich,Spencer,Darren Sproles,RB,PHI,,,,,,,,,
2013,Salsa Dancing,Tom,Andre Brown,RB,HOU,,,,,,,,,
2013,Gotham City Rogues,Dan,Zac Stacy,RB,LAR,,,,,,,,,
2013,The Elite Eli's,Gavin,Pierre Thomas,RB,NO,,,,,,,,,
2013,Rapid City Monuments,TSizz,Knowshon Moreno,RB,MIA,,,,,,,,,
2013,The Thirteenth District,James,Fred Jackson,RB,BUF,,,,,,,,,
2013,Former ShepaugTeacher,Spear,Darren McFadden,RB,LV,,,,,,,,,
2013,Team No College Yet,Dylan,Lamar Miller,RB,MIA,,,,,,,,,
2013,Team Charles,Charles,Trent Richardson,RB,IND,,,,,,,,,
2013,Best Served Hot,Ed,Alfred Morris,RB,WAS,,,,,,,,,
2013,Wearing Sperrys Popping Cherrys,Carson,Chris Ogbonnaya,RB,CLE,,,,,,,,,
2013,Caucasion Sasquatch,Ken,Nate Washington,WR,TEN,,,,,,,,,
2013,Eat The Sandwich,Spencer,Shane Vereen,RB,NE,,,,,,,,,
2013,Salsa Dancing,Tom,AJ Green,WR,CIN,,,,,,,,,
2013,Gotham City Rogues,Dan,Jonathan Grimes,RB,HOU,,,,,,,,,
2013,The Elite Eli's,Gavin,Riley Cooper,WR,PHI,,,,,,,,,
2013,Rapid City Monuments,TSizz,Donald Brown,RB,LAC,,,,,,,,,
2013,The Thirteenth District,James,Roddy White,WR,ATL,,,,,,,,,
2013,Former ShepaugTeacher,Spear,Eddie Lacy,RB,GB,,,,,,,,,
2013,Team No College Yet,Dylan,Hakeem Nicks,WR,IND,,,,,,,,,
2013,Team Charles,Charles,Anquan Boldin,WR,SF,,,,,,,,,
2013,Best Served Hot,Ed,Ben Tate,RB,CLE,,,,,,,,,
2013,Wearing Sperrys Popping Cherrys,Carson,Dez Bryant,WR,DAL,,,,,,,,,
2013,Caucasion Sasquatch,Ken,James Jones,WR,LV,,,,,,,,,
2013,Eat The Sandwich,Spencer,TY Hilton,WR,IND,,,,,,,,,
2013,Salsa Dancing,Tom,Jordy Nelson,WR,GB,,,,,,,,,
2013,Gotham City Rogues,Dan,Mike Wallace,WR,MIA,,,,,,,,,
2013,The Elite Eli's,Gavin,Dwayne Bowe,WR,KC,,,,,,,,,
2013,Rapid City Monuments,TSizz,Vincent Jackson,WR,TB,,,,,,,,,
2013,The Thirteenth District,James,Pierre Garcon,WR,WAS,,,,,,,,,
2013,Former ShepaugTeacher,Spear,Calvin Johnson,WR,DET,,,,,,,,,
2013,Team No College Yet,Dylan,Larry Fitzgerald,WR,ARI,,,,,,,,,
2013,Team Charles,Charles,Demaryius Thomas,WR,DEN,,,,,,,,,
2013,Best Served Hot,Ed,Marques Colston,WR,NO,,,,,,,,,
2013,Wearing Sperrys Popping Cherrys,Carson,Greg Jennings,WR,MIN,,,,,,,,,
2013,Caucasion Sasquatch,Ken,Kendall Wright,WR,TEN,,,,,,,,,
2013,Eat The Sandwich,Spencer,Harry Douglas,WR,ATL,,,,,,,,,
2013,Salsa Dancing,Tom,Michael Crabtree,WR,SF,,,,,,,,,
2013,Gotham City Rogues,Dan,Julian Edelman,WR,NE,,,,,,,,,
2013,The Elite Eli's,Gavin,Tavon Austin,WR,LAR,,,,,,,,,
2013,Rapid City Monuments,TSizz,Eric Decker,WR,NYJ,,,,,,,,,
2013,The Thirteenth District,James,Keenan Allen,WR,LAC,,,,,,,,,
2013,Former ShepaugTeacher,Spear,Brandon Marshall,WR,DAL,,,,,,,,,
2013,Team No College Yet,Dylan,Andre Johnson,WR,HOU,,,,,,,,,
2013,Team Charles,Charles,Victor Cruz,WR,NYG,,,,,,,,,
2013,Best Served Hot,Ed,Antonio Brown,WR,PIT,,,,,,,,,
2013,Wearing Sperrys Popping Cherrys,Carson,Brandon LaFell,WR,NE,,,,,,,,,
2013,Caucasion Sasquatch,Ken,Charles Clay,TE,MIA,,,,,,,,,
2013,Eat The Sandwich,Spencer,Andre Caldwell,WR,DEN,,,,,,,,,
2013,Salsa Dancing,Tom,Greg Olsen,TE,CAR,,,,,,,,,
2013,Gotham City Rogues,Dan,DeSean Jackson,WR,WAS,,,,,,,,,
2013,The Elite Eli's,Gavin,Jerricho Cotchery,WR,CAR,,,,,,,,,
2013,Rapid City Monuments,TSizz,Ted Ginn,WR,ARI,,,,,,,,,
2013,The Thirteenth District,James,Torrey Smith,WR,BAL,,,,,,,,,
2013,Former ShepaugTeacher,Spear,Cecil Shorts,WR,JAX,,,,,,,,,
2013,Team No College Yet,Dylan,Kyle Rudolph,TE,MIN,,,,,,,,,
2013,Team Charles,Charles,Steve Smith,WR,BAL,,,,,,,,,
2013,Best Served Hot,Ed,Josh Gordon,WR,CLE,,,,,,,,,
2013,Wearing Sperrys Popping Cherrys,Carson,Golden Tate,WR,DET,,,,,,,,,
2013,Caucasion Sasquatch,Ken,Julius Thomas,TE,DEN,,,,,,,,,
2013,Eat The Sandwich,Spencer,Tony Gonzalez,TE,ATL,,,,,,,,,
2013,Salsa Dancing,Tom,Vernon Davis,TE,SF,,,,,,,,,
2013,Gotham City Rogues,Dan,Martellus Bennett,TE,DAL,,,,,,,,,
2013,The Elite Eli's,Gavin,Garrett Graham,TE,HOU,,,,,,,,,
2013,Rapid City Monuments,TSizz,Zach Ertz,TE,PHI,,,,,,,,,
2013,The Thirteenth District,James,Antonio Gates,TE,LAC,,,,,,,,,
2013,Former ShepaugTeacher,Spear,Jermaine Gresham,TE,CIN,,,,,,,,,
2013,Team No College Yet,Dylan,Jimmy Graham,TE,NO,,,,,,,,,
2013,Team Charles,Charles,Jared Cook,TE,LAR,,,,,,,,,
2013,Best Served Hot,Ed,Dallas Clark,TE,IND,,,,,,,,,
2013,Wearing Sperrys Popping Cherrys,Carson,Jason Witten,TE,DAL,,,,,,,,,
2013,Caucasion Sasquatch,Ken,Colts D/ST,DEF,IND,,,,,,,,,
2013,Eat The Sandwich,Spencer,Browns D/ST,DEF,CLE,,,,,,,,,
2013,Salsa Dancing,Tom,Ravens D/ST,DEF,BAL,,,,,,,,,
2013,Gotham City Rogues,Dan,Panthers D/ST,DEF,CAR,,,,,,,,,
2013,The Elite Eli's,Gavin,Patriots D/ST,DEF,NE,,,,,,,,,
2013,Rapid City Monuments,TSizz,Seahwaks D/ST,DEF,SEA,,,,,,,,,
2013,The Thirteenth District,James,Chiefs D/ST,DEF,KC,,,,,,,,,
2013,Former ShepaugTeacher,Spear,Broncos D/ST,DEF,DEN,,,,,,,,,
2013,Team No College Yet,Dylan,Packers D/ST,DEF,GB,,,,,,,,,
2013,Team Charles,Charles,Rams D/ST,DEF,LAR,,,,,,,,,
2013,Best Served Hot,Ed,Bears D/ST,DEF,CHI,,,,,,,,,
2013,Wearing Sperrys Popping Cherrys,Carson,Bengals D/ST,DEF,CIN,,,,,,,,,
2013,Caucasion Sasquatch,Ken,Steven Hauschka,K,SEA,,,,,,,,,
2013,Eat The Sandwich,Spencer,Justin Tucker,K,BAL,,,,,,,,,
2013,Salsa Dancing,Tom,Robbie Gould,K,DAL,,,,,,,,,
2013,Gotham City Rogues,Dan,BKair Walsh,K,MIN,,,,,,,,,
2013,The Elite Eli's,Gavin,Mason Crosby,K,GB,,,,,,,,,
2013,Rapid City Monuments,TSizz,Greg Zuerlein,K,LAR,,,,,,,,,
2013,The Thirteenth District,James,Nick Novak,K,LAC,,,,,,,,,
2013,Former ShepaugTeacher,Spear,Randy Bullock,K,HOU,,,,,,,,,
2013,Team No College Yet,Dylan,Dan Bailey,K,DAL,,,,,,,,,
2013,Team Charles,Charles,Matt Prater,K,DEN,,,,,,,,,
2013,Best Served Hot,Ed,Phil Dawson,K,SF,,,,,,,,,
2013,Wearing Sperrys Popping Cherrys,Carson,Stephen Gostkowski,K,NE,,,,,,,,,
2013,Caucasion Sasquatch,Ken,Eli Manning,QB,NYG,,,,,,,,,
2013,Eat The Sandwich,Spencer,Emmanuel Sanders,WR,DEN,,,,,,,,,
2013,Salsa Dancing,Tom,Steve Johnson,WR,BUF,,,,,,,,,
2013,Gotham City Rogues,Dan,Tom Brady,QB,NE,,,,,,,,,
2013,The Elite Eli's,Gavin,Aaron Rodgers,QB,GB,,,,,,,,,
2013,Rapid City Monuments,TSizz,Ray Rice,RB,BAL,,,,,,,,,
2013,The Thirteenth District,James,CJ Spiller,RB,BUF,,,,,,,,,
2013,Former ShepaugTeacher,Spear,Rashard Mendenhall,RB,ARI,,,,,,,,,
2013,Team No College Yet,Dylan,Isaiah Pead,RB,LAR,,,,,,,,,
2013,Team Charles,Charles,Giovani Bernard,RB,CIN,,,,,,,,,
2013,Best Served Hot,Ed,DeAngelo Williams,RB,CAR,,,,,,,,,
2013,Wearing Sperrys Popping Cherrys,Carson,Wes Welker,WR,DEN,,,,,,,,,
2013,Caucasion Sasquatch,Ken,Jarrett Boykin,WR,GB,,,,,,,,,
2013,Eat The Sandwich,Spencer,Jordan Cameron,TE,CLE,,,,,,,,,
2013,Salsa Dancing,Tom,Ben Roethlisberger,QB,PIT,,,,,,,,,
2013,Gotham City Rogues,Dan,Stevan Ridley,RB,NE,,,,,,,,,
2013,The Elite Eli's,Gavin,Vincent Brown,WR,LAC,,,,,,,,,
2013,Rapid City Monuments,TSizz,Jerome Simpson,WR,MIN,,,,,,,,,
2013,The Thirteenth District,James,Maurice Jones-Drew,RB,LV,,,,,,,,,
2013,Former ShepaugTeacher,Spear,Vick Ballard,RB,IND,,,,,,,,,
2013,Team No College Yet,Dylan,Le'Veon Bell,RB,PIT,,,,,,,,,
2013,Team Charles,Charles,Mike Williams,WR,BUF,,,,,,,,,
2013,Best Served Hot,Ed,Miles Austin,WR,DAL,,,,,,,,,
2013,Wearing Sperrys Popping Cherrys,Carson,Robert Griffin III,QB,WAS,,,,,,,,,
2013,Caucasion Sasquatch,Ken,Ryan Fitzpatrick,QB,TEN,,,,,,,,,
2013,Eat The Sandwich,Spencer,Heath Miller,TE,PIT,,,,,,,,,
2013,Salsa Dancing,Tom,Rueben Randle,WR,NYG,,,,,,,,,
2013,Gotham City Rogues,Dan,Danny Amendola,WR,NE,,,,,,,,,
2013,The Elite Eli's,Gavin,Marvin Jones,WR,CIN,,,,,,,,,
2013,Rapid City Monuments,TSizz,Aaron Dobson,WR,NE,,,,,,,,,
2013,The Thirteenth District,James,Philip Rivers,QB,LAC,,,,,,,,,
2013,Former ShepaugTeacher,Spear,Denarius Moore,WR,LV,,,,,,,,,
2013,Team No College Yet,Dylan,Michael Floyd,WR,ARI,,,,,,,,,
2013,Team Charles,Charles,Alshon Jeffery,WR,DAL,,,,,,,,,
2013,Best Served Hot,Ed,Jacquizz Rodgers,RB,ATL,,,,,,,,,
2013,Wearing Sperrys Popping Cherrys,Carson,BenJarvus Green-Ellis,RB,CIN,,,,,,,,,
2013,Caucasion Sasquatch,Ken,Brian Hartline,WR,MIA,,,,,,,,,
2013,Eat The Sandwich,Spencer,Marlon Brown,WR,BAL,,,,,,,,,
2013,Salsa Dancing,Tom,Chris Ivory,RB,NYJ,,,,,,,,,
2013,Gotham City Rogues,Dan,49ers D/ST,DEF,SF,,,,,,,,,
2013,The Elite Eli's,Gavin,Case Keenum,QB,HOU,,,,,,,,,
2013,Rapid City Monuments,TSizz,Eddie Royal,WR,LAC,,,,,,,,,
2013,The Thirteenth District,James,Bobby Rainey,RB,TB,,,,,,,,,
2013,Former ShepaugTeacher,Spear,Issac Redman,RB,PIT,,,,,,,,,
2013,Team No College Yet,Dylan,Shonn Greene,RB,TEN,,,,,,,,,
2013,Team Charles,Charles,Sam Bradford,QB,LAR,,,,,,,,,
2013,Best Served Hot,Ed,Mike Tolbert,RB,CAR,,,,,,,,,
2013,Wearing Sperrys Popping Cherrys,Carson,Ronnie Hillman,RB,DEN,,,,,,,,,
2013,Caucasion Sasquatch,Ken,Kirk Cousins,QB,WAS,,,,,,,,,
2013,Eat The Sandwich,Spencer,Roy Helu,RB,WAS,,,,,,,,,
2013,Salsa Dancing,Tom,Doug Baldwin,WR,SEA,,,,,,,,,
2013,Gotham City Rogues,Dan,Matt Asiata,RB,MIN,,,,,,,,,
2013,The Elite Eli's,Gavin,Dolphins D/ST,DEF,MIA,,,,,,,,,
2013,Rapid City Monuments,TSizz,Titans D/ST,DEF,TEN,,,,,,,,,
2013,The Thirteenth District,James,Coby Fleener,TE,IND,,,,,,,,,
2013,Former ShepaugTeacher,Spear,Joique Bell,RB,DET,,,,,,,,,
2013,Team No College Yet,Dylan,DeAndre Hopkins,WR,HOU,,,,,,,,,
2013,Team Charles,Charles,David Akers,K,DET,,,,,,,,,
2013,Best Served Hot,Ed,Santana Moss,WR,WAS,,,,,,,,,
2013,Wearing Sperrys Popping Cherrys,Carson,Josh Brown,K,NYG,,,,,,,,,
2013,Caucasion Sasquatch,Ken,Reggie Wayne,WR,IND,,,,,,,,,
2013,Eat The Sandwich,Spencer,Vikings D/ST,DEF,MIN,,,,,,,,,
2013,Salsa Dancing,Tom,Nate Burleson,WR,CLE,,,,,,,,,
2013,Gotham City Rogues,Dan,Dennis Johnson,RB,HOU,,,,,,,,,
2013,The Elite Eli's,Gavin,Brian Leonard,RB,TB,,,,,,,,,
2013,Rapid City Monuments,TSizz,Andy Dalton,QB,CIN,,,,,,,,,
2013,The Thirteenth District,James,Ladarius Green,TE,LAC,,,,,,,,,
2013,Former ShepaugTeacher,Spear,Bilal Powell,RB,NYJ,,,,,,,,,
2013,Team No College Yet,Dylan,Mike Goodson,RB,NYJ,,,,,,,,,
2013,Team Charles,Charles,Daniel Thomas,RB,MIA,,,,,,,,,
2013,Best Served Hot,Ed,Andre Elington,RB,ARI,,,,,,,,,
2013,Wearing Sperrys Popping Cherrys,Carson,Scott Chandler,TE,BUF,,,,,,,,,
2013,Caucasion Sasquatch,Ken,Arian Foster,RB,HOU,,,,,,,,,
2013,Gotham City Rogues,Dan,Julio Jones,WR,ATL,,,,,,,,,
2013,The Thirteenth District,James,Randall Cobb,WR,GB,,,,,,,,,
2014,Caucasion Sasquatch,Ken,Cam Newton,QB,CAR,,,,,,,,,
2014,Eat The Sandwich,Spencer,Andrew Luck,QB,IND,,,,,,,,,
2014,Salsa Dancing,Tom,Drew Brees,QB,NO,,,,,,,,,
2014,Gotham City Rogues,Dan,Mark Sanchez,QB,PHI,,,,,,,,,
2014,Johnny Clipboards,Gavin,Aaron Rodgers,QB,GB,,,,,,,,,
2014,Rapid City Monuments,TSizz,Colin Kaepernick,QB,SF,,,,,,,,,
2014,The Thirteenth District,James,Jay Cutler,QB,CHI,,,,,,,,,
2014,Two First Names,Spear,Matt Ryan,QB,ATL,,,,,,,,,
2014,Brookfield Brawlers,Rob,Ryan Tannehill,QB,MIA,,,,,,,,,
2014,Team Charles,Charles,Russell Wilson,QB,SEA,,,,,,,,,
2014,Team Foote Longs,Wes,Joe Flacco,QB,BAL,,,,,,,,,
2014,Paper Thin Walls,Geoff,Peyton Manning,QB,DEN,,,,,,,,,
2014,Caucasion Sasquatch,Ken,Frank Gore,RB,IND,,,,,,,,,
2014,Eat The Sandwich,Spencer,Matt Forte,RB,DAL,,,,,,,,,
2014,Salsa Dancing,Tom,Jonathan Stewart,RB,CAR,,,,,,,,,
2014,Gotham City Rogues,Dan,Alfred Morris,RB,WAS,,,,,,,,,
2014,Johnny Clipboards,Gavin,Arian Foster,RB,HOU,,,,,,,,,
2014,Rapid City Monuments,TSizz,Denard Robinson,RB,JAX,,,,,,,,,
2014,The Thirteenth District,James,LeSean McCoy,RB,BUF,,,,,,,,,
2014,Two First Names,Spear,CJ Anderson,RB,DEN,,,,,,,,,
2014,Brookfield Brawlers,Rob,Branden Oliver,RB,LAC,,,,,,,,,
2014,Team Charles,Charles,Eddie Lacy,RB,GB,,,,,,,,,
2014,Team Foote Longs,Wes,Marshawn Lynch,RB,SEA,,,,,,,,,
2014,Paper Thin Walls,Geoff,Le'Veon Bell,RB,PIT,,,,,,,,,
2014,Caucasion Sasquatch,Ken,Latavius Murray,RB,LV,,,,,,,,,
2014,Eat The Sandwich,Spencer,Giovani Bernard,RB,CIN,,,,,,,,,
2014,Salsa Dancing,Tom,Andre Williams,RB,NYG,,,,,,,,,
2014,Gotham City Rogues,Dan,Isaiah Crowell,RB,CLE,,,,,,,,,
2014,Johnny Clipboards,Gavin,Justin Forsett,RB,BAL,,,,,,,,,
2014,Rapid City Monuments,TSizz,Benjamin Cunningham,RB,LAR,,,,,,,,,
2014,The Thirteenth District,James,Joique Bell,RB,DET,,,,,,,,,
2014,Two First Names,Spear,Daniel Herron,RB,IND,,,,,,,,,
2014,Brookfield Brawlers,Rob,Tre Mason,RB,LAR,,,,,,,,,
2014,Team Charles,Charles,Mark Ingram,RB,NO,,,,,,,,,
2014,Team Foote Longs,Wes,Jamaal Charles,RB,KC,,,,,,,,,
2014,Paper Thin Walls,Geoff,Darren Sproles,RB,PHI,,,,,,,,,
2014,Caucasion Sasquatch,Ken,Andre Johnson,WR,IND,,,,,,,,,
2014,Eat The Sandwich,Spencer,TY Hilton,WR,IND,,,,,,,,,
2014,Salsa Dancing,Tom,Matt Asiata,RB,MIN,,,,,,,,,
2014,Gotham City Rogues,Dan,Bishop Sankey,RB,TEN,,,,,,,,,
2014,Johnny Clipboards,Gavin,Brandon LaFell,WR,NE,,,,,,,,,
2014,Rapid City Monuments,TSizz,Torrey Smith,WR,SF,,,,,,,,,
2014,The Thirteenth District,James,DeMarco Murray,RB,PHI,,,,,,,,,
2014,Two First Names,Spear,Pierre Garcon,WR,WAS,,,,,,,,,
2014,Brookfield Brawlers,Rob,Dez Bryant,WR,DAL,,,,,,,,,
2014,Team Charles,Charles,Toby Gergart,RB,JAX,,,,,,,,,
2014,Team Foote Longs,Wes,Cordarrelle Patterson,WR,MIN,,,,,,,,,
2014,Paper Thin Walls,Geoff,Greg Jennings,WR,MIA,,,,,,,,,
2014,Caucasion Sasquatch,Ken,Demaryius Thomas,WR,DEN,,,,,,,,,
2014,Eat The Sandwich,Spencer,Alshon Jeffery,WR,DAL,,,,,,,,,
2014,Salsa Dancing,Tom,AJ Green,WR,CIN,,,,,,,,,
2014,Gotham City Rogues,Dan,Jordy Nelson,WR,GB,,,,,,,,,
2014,Johnny Clipboards,Gavin,Antonio Brown,WR,PIT,,,,,,,,,
2014,Rapid City Monuments,TSizz,Jarius Wright,WR,MIN,,,,,,,,,
2014,The Thirteenth District,James,Doug Baldwin,WR,SEA,,,,,,,,,
2014,Two First Names,Spear,Calvin Johnson,WR,DET,,,,,,,,,
2014,Brookfield Brawlers,Rob,Julian Edelman,WR,NE,,,,,,,,,
2014,Team Charles,Charles,Randall Cobb,WR,GB,,,,,,,,,
2014,Team Foote Longs,Wes,Jeremy Maclin,WR,KC,,,,,,,,,
2014,Paper Thin Walls,Geoff,Julio Jones,WR,ATL,,,,,,,,,
2014,Caucasion Sasquatch,Ken,Sammy Watkins,WR,BUF,,,,,,,,,
2014,Eat The Sandwich,Spencer,Jarvis Landry,WR,MIA,,,,,,,,,
2014,Salsa Dancing,Tom,Emmanuel Sanders,WR,DEN,,,,,,,,,
2014,Gotham City Rogues,Dan,Anquan Boldin,WR,SF,,,,,,,,,
2014,Johnny Clipboards,Gavin,Odell Beckham Jr.,WR,NYG,,,,,,,,,
2014,Rapid City Monuments,TSizz,Louis Murphy,WR,TB,,,,,,,,,
2014,The Thirteenth District,James,Rueben Randle,WR,NYG,,,,,,,,,
2014,Two First Names,Spear,Kelvin Benjamin,WR,CAR,,,,,,,,,
2014,Brookfield Brawlers,Rob,Robert Woods,WR,BUF,,,,,,,,,
2014,Team Charles,Charles,Michael Floyd,WR,ARI,,,,,,,,,
2014,Team Foote Longs,Wes,Malcom Floyd,WR,LAC,,,,,,,,,
2014,Paper Thin Walls,Geoff,DeSean Jackson,WR,WAS,,,,,,,,,
2014,Caucasion Sasquatch,Ken,Julius Thomas,TE,JAX,,,,,,,,,
2014,Eat The Sandwich,Spencer,Mohamed Sanu,WR,CIN,,,,,,,,,
2014,Salsa Dancing,Tom,Mike Evans,WR,TB,,,,,,,,,
2014,Gotham City Rogues,Dan,Mike Willace,WR,MIN,,,,,,,,,
2014,Johnny Clipboards,Gavin,Vincent Jackson,WR,TB,,,,,,,,,
2014,Rapid City Monuments,TSizz,Wes Welker,WR,DEN,,,,,,,,,
2014,The Thirteenth District,James,Kendall Wright,WR,TEN,,,,,,,,,
2014,Two First Names,Spear,Marqise Lee,WR,JAX,,,,,,,,,
2014,Brookfield Brawlers,Rob,Delanie Walker,TE,TEN,,,,,,,,,
2014,Team Charles,Charles,Eric Decker,WR,NYJ,,,,,,,,,
2014,Team Foote Longs,Wes,Eddie Royal,WR,DAL,,,,,,,,,
2014,Paper Thin Walls,Geoff,James Jones,WR,LV,,,,,,,,,
2014,Caucasion Sasquatch,Ken,Antonio Gates,TE,LAC,,,,,,,,,
2014,Eat The Sandwich,Spencer,Greg Olsen,TE,CAR,,,,,,,,,
2014,Salsa Dancing,Tom,Jimmy Graham,TE,SEA,,,,,,,,,
2014,Gotham City Rogues,Dan,Tim Wright,TE,NE,,,,,,,,,
2014,Johnny Clipboards,Gavin,Coby Fleener,TE,IND,,,,,,,,,
2014,Rapid City Monuments,TSizz,Zach Ertz,TE,PHI,,,,,,,,,
2014,The Thirteenth District,James,Jason Witten,TE,DAL,,,,,,,,,
2014,Two First Names,Spear,Mychal Rivera,TE,LV,,,,,,,,,
2014,Brookfield Brawlers,Rob,Luke Willson,TE,SEA,,,,,,,,,
2014,Team Charles,Charles,Charles Clay,TE,BUF,,,,,,,,,
2014,Team Foote Longs,Wes,Dwayne Allen,TE,IND,,,,,,,,,
2014,Paper Thin Walls,Geoff,Martellus Bennett,TE,DAL,,,,,,,,,
2014,Caucasion Sasquatch,Ken,Lions D/ST,DEF,DET,,,,,,,,,
2014,Eat The Sandwich,Spencer,Broncos D/ST,DEF,DEN,,,,,,,,,
2014,Salsa Dancing,Tom,Texans D/ST,DEF,HOU,,,,,,,,,
2014,Gotham City Rogues,Dan,Chiefs D/ST,DEF,KC,,,,,,,,,
2014,Johnny Clipboards,Gavin,Ravens D/ST,DEF,BAL,,,,,,,,,
2014,Rapid City Monuments,TSizz,Bills D/ST,DEF,BUF,,,,,,,,,
2014,The Thirteenth District,James,Dolphins D/ST,DEF,MIA,,,,,,,,,
2014,Two First Names,Spear,49ers D/ST,DEF,SF,,,,,,,,,
2014,Brookfield Brawlers,Rob,Vikings D/ST,DEF,MIN,,,,,,,,,
2014,Team Charles,Charles,Seahawks D/ST,DEF,SEA,,,,,,,,,
2014,Team Foote Longs,Wes,Cardinals D/ST,DEF,ARI,,,,,,,,,
2014,Paper Thin Walls,Geoff,Packers D/ST,DEF,GB,,,,,,,,,
2014,Caucasion Sasquatch,Ken,Matt Prater,K,DET,,,,,,,,,
2014,Eat The Sandwich,Spencer,Mason Crosby,K,GB,,,,,,,,,
2014,Salsa Dancing,Tom,Justin Tucker,K,BAL,,,,,,,,,
2014,Gotham City Rogues,Dan,Cody Parkey,K,PHI,,,,,,,,,
2014,Johnny Clipboards,Gavin,Adam Vinatieri,K,IND,,,,,,,,,
2014,Rapid City Monuments,TSizz,Phil Dawson,K,SF,,,,,,,,,
2014,The Thirteenth District,James,Dan Bailey,K,DAL,,,,,,,,,
2014,Two First Names,Spear,Stephen Gostkowski,K,NE,,,,,,,,,
2014,Brookfield Brawlers,Rob,Dan Carpenter,K,BUF,,,,,,,,,
2014,Team Charles,Charles,Nick Novak,K,LAC,,,,,,,,,
2014,Team Foote Longs,Wes,Caleb Sturgis,K,MIA,,,,,,,,,
2014,Paper Thin Walls,Geoff,Steven Hauschka,K,SEA,,,,,,,,,
2014,Caucasion Sasquatch,Ken,Shane Vereen,RB,NYG,,,,,,,,,
2014,Eat The Sandwich,Spencer,Marques Colston,WR,NO,,,,,,,,,
2014,Salsa Dancing,Tom,Matthew Stafford,QB,DET,,,,,,,,,
2014,Gotham City Rogues,Dan,Rob Gronkowski,TE,NE,,,,,,,,,
2014,Johnny Clipboards,Gavin,Roddy White,WR,ATL,,,,,,,,,
2014,Rapid City Monuments,TSizz,Jared Cook,TE,LAR,,,,,,,,,
2014,The Thirteenth District,James,Michael Crabtree,WR,LV,,,,,,,,,
2014,Two First Names,Spear,Larry Fitzgerald,WR,ARI,,,,,,,,,
2014,Brookfield Brawlers,Rob,Jermaine Kearse,WR,SEA,,,,,,,,,
2014,Team Charles,Charles,Ben Tate,RB,PIT,,,,,,,,,
2014,Team Foote Longs,Wes,Ahmad Bradshaw,RB,IND,,,,,,,,,
2014,Paper Thin Walls,Geoff,Andre Ellington,RB,ARI,,,,,,,,,
2014,Caucasion Sasquatch,Ken,Philip Rivers,QB,LAC,,,,,,,,,
2014,Eat The Sandwich,Spencer,Health Miller,TE,PIT,,,,,,,,,
2014,Salsa Dancing,Tom,Rashard Jennings,RB,NYG,,,,,,,,,
2014,Gotham City Rogues,Dan,Ryan Matthews,RB,PHI,,,,,,,,,
2014,Johnny Clipboards,Gavin,Steven Jackson,RB,ATL,,,,,,,,,
2014,Rapid City Monuments,TSizz,Steve Smith Sr.,WR,BAL,,,,,,,,,
2014,The Thirteenth District,James,Andy Dalton,QB,CIN,,,,,,,,,
2014,Two First Names,Spear,Dwayne Bowe,WR,CLE,,,,,,,,,
2014,Brookfield Brawlers,Rob,Scott Chandler,TE,NE,,,,,,,,,
2014,Team Charles,Charles,Lamar Miller,RB,MIA,,,,,,,,,
2014,Team Foote Longs,Wes,Owen Daniels,TE,DEN,,,,,,,,,
2014,Paper Thin Walls,Geoff,Reggie Wayne,WR,IND,,,,,,,,,
2014,Caucasion Sasquatch,Ken,Jordan Matthews,RB,PHI,,,,,,,,,
2014,Eat The Sandwich,Spencer,Terrance West,RB,CLE,,,,,,,,,
2014,Salsa Dancing,Tom,Larry Donnell,TE,NYG,,,,,,,,,
2014,Gotham City Rogues,Dan,Josh Gordon,WR,CLE,,,,,,,,,
2014,Johnny Clipboards,Gavin,Terrance Williams,WR,DAL,,,,,,,,,
2014,Rapid City Monuments,TSizz,Fred Jackson,RB,BUF,,,,,,,,,
2014,The Thirteenth District,James,Andrew hawkins,WR,CLE,,,,,,,,,
2014,Two First Names,Spear,Adrian Peterson,RB,MIN,,,,,,,,,
2014,Brookfield Brawlers,Rob,Steelers D/ST,DEF,PIT,,,,,,,,,
2014,Team Charles,Charles,Chris Ivory,RB,NYJ,,,,,,,,,
2014,Team Foote Longs,Wes,Markus Wheaton,WR,PIT,,,,,,,,,
2014,Paper Thin Walls,Geoff,Chris Johnson,RB,NYJ,,,,,,,,,
2014,Caucasion Sasquatch,Ken,Victor Cruz,WR,NYG,,,,,,,,,
2014,Eat The Sandwich,Spencer,Martavis Bryant,WR,PIT,,,,,,,,,
2014,Salsa Dancing,Tom,Ronnie Hillman,RB,DEN,,,,,,,,,
2014,Gotham City Rogues,Dan,Darren McFadden,RB,DAL,,,,,,,,,
2014,Johnny Clipboards,Gavin,Niles Paul,TE,WAS,,,,,,,,,
2014,Rapid City Monuments,TSizz,DeAndre Hopkins,WR,HOU,,,,,,,,,
2014,The Thirteenth District,James,Jordan Cameron,TE,MIA,,,,,,,,,
2014,Two First Names,Spear,Reggie Bush,RB,SF,,,,,,,,,
2014,Brookfield Brawlers,Rob,Travaris Cadet,RB,NE,,,,,,,,,
2014,Team Charles,Charles,Jeremy Hill,RB,CIN,,,,,,,,,
2014,Team Foote Longs,Wes,Brian Hoyer,QB,HOU,,,,,,,,,
2014,Paper Thin Walls,Geoff,Ben Roethlisberger,QB,PIT,,,,,,,,,
2014,Caucasion Sasquatch,Ken,Doug Martin,RB,TB,,,,,,,,,
2014,Eat The Sandwich,Spencer,Eli Manning,QB,NYG,,,,,,,,,
2014,Salsa Dancing,Tom,LeGarrette BKount,RB,NE,,,,,,,,,
2014,Gotham City Rogues,Dan,Jonas Gray,RB,NE,,,,,,,,,
2014,Johnny Clipboards,Gavin,Levine Toilolo,TE,ATL,,,,,,,,,
2014,Rapid City Monuments,TSizz,Tom Brady,QB,NE,,,,,,,,,
2014,The Thirteenth District,James,Patriots D/ST,DEF,NE,,,,,,,,,
2014,Two First Names,Spear,Jermaine Gresham,TE,CIN,,,,,,,,,
2014,Brookfield Brawlers,Rob,Tony Romo,QB,DAL,,,,,,,,,
2014,Team Charles,Charles,James Starks,RB,GB,,,,,,,,,
2014,Team Foote Longs,Wes,Alex Smith,QB,KC,,,,,,,,,
2014,Paper Thin Walls,Geoff,Allen Hurns,WR,JAX,,,,,,,,,
2014,Caucasion Sasquatch,Ken,Trent Richardson,RB,LV,,,,,,,,,
2014,Eat The Sandwich,Spencer,Kenny Stills,WR,MIA,,,,,,,,,
2014,Salsa Dancing,Tom,Kerwynn Williams,RB,ARI,,,,,,,,,
2014,Gotham City Rogues,Dan,Kenny Britt,WR,LAR,,,,,,,,,
2014,Johnny Clipboards,Gavin,John Brown,WR,ARI,,,,,,,,,
2014,Rapid City Monuments,TSizz,Golden Tate,WR,DET,,,,,,,,,
2014,The Thirteenth District,James,Charles Johnson,WR,MIN,,,,,,,,,
2014,Two First Names,Spear,Devonta Freeman,RB,ATL,,,,,,,,,
2014,Brookfield Brawlers,Rob,Davante Adams,WR,GB,,,,,,,,,
2014,Team Charles,Charles,Knile Davis,RB,KC,,,,,,,,,
2014,Team Foote Longs,Wes,Jacquizz Rodgers,RB,DAL,,,,,,,,,
2014,Paper Thin Walls,Geoff,Jordan Reed,TE,WAS,,,,,,,,,
2014,Salsa Dancing,Tom,Keenan Allen,WR,LAC,,,,,,,,,
2014,Gotham City Rogues,Dan,Nick Foles,QB,LAR,,,,,,,,,
2014,The Thirteenth District,James,Allen Robinson,WR,JAX,,,,,,,,,
2015,Threat Level Midnight,Ken,Russell Wilson,QB,SEA,,,,,,,,,
2015,Eat The Sandwich,Spencer,Ryan Fitzpatrick,QB,NYJ,,,,,,,,,
2015,The Buzzards,Tom,Aaron Rodgers,QB,GB,,,,,,,,,
2015,Gotham City Rogues,Dan,Cam Newton,QB,CAR,,,,,,,,,
2015,Johnny Man-Zeer,Gavin,Tom Brady,QB,NE,,,,,,,,,
2015,Rapid City Monuments,TSizz,Ben Roethlisberger,QB,PIT,,,,,,,,,
2015,Republic City Fire Ferrets,James,Eli Manning,QB,NYG,,,,,,,,,
2015,AutoDrafted Scrubs,Spear,Carson Palmer,QB,ARI,,,,,,,,,
2015,Brookfield Brawlers,Rob,Drew Brees,QB,NO,,,,,,,,,
2015,LSC Stud Muffins,Dylan,Matt Ryan,QB,ATL,,,,,,,,,
2015,Team Foote Longs,Wes,Philip Rivers,QB,LAC,,,,,,,,,
2015,Paper Thin Walls,Geoff,Alex Smith,QB,KC,,,,,,,,,
2015,Threat Level Midnight,Ken,Danny Woodhead,RB,LAC,,,,,,,,,
2015,Eat The Sandwich,Spencer,Matt Forte,RB,NYJ,,,,,,,,,
2015,The Buzzards,Tom,Lamar Miller,RB,HOU,,,,,,,,,
2015,Gotham City Rogues,Dan,Doug Martin,RB,TB,,,,,,,,,
2015,Johnny Man-Zeer,Gavin,Frank Gore,RB,IND,,,,,,,,,
2015,Rapid City Monuments,TSizz,Chris Ivory,RB,JAX,,,,,,,,,
2015,Republic City Fire Ferrets,James,Ryan Mathews,RB,PHI,,,,,,,,,
2015,AutoDrafted Scrubs,Spear,Adrian Peterson,RB,MIN,,,,,,,,,
2015,Brookfield Brawlers,Rob,Jeremy Hill,RB,CIN,,,,,,,,,
2015,LSC Stud Muffins,Dylan,DeAngelo Williams,RB,PIT,,,,,,,,,
2015,Team Foote Longs,Wes,Melvin Gordon,RB,LAC,,,,,,,,,
2015,Paper Thin Walls,Geoff,Giovani Bernard,RB,CIN,,,,,,,,,
2015,Threat Level Midnight,Ken,Javorius Allen,RB,BAL,,,,,,,,,
2015,Eat The Sandwich,Spencer,TJ Yeldon,RB,JAX,,,,,,,,,
2015,The Buzzards,Tom,Jeremy Langford,RB,DAL,,,,,,,,,
2015,Gotham City Rogues,Dan,James White,RB,NE,,,,,,,,,
2015,Johnny Man-Zeer,Gavin,latavius Murray,RB,LV,,,,,,,,,
2015,Rapid City Monuments,TSizz,Darren Sproles,RB,PHI,,,,,,,,,
2015,Republic City Fire Ferrets,James,Cameron Artis-Payne,RB,CAR,,,,,,,,,
2015,AutoDrafted Scrubs,Spear,Devonta Freeman,RB,ATL,,,,,,,,,
2015,Brookfield Brawlers,Rob,David Johnson,RB,ARI,,,,,,,,,
2015,LSC Stud Muffins,Dylan,Thomas Rawls,RB,SEA,,,,,,,,,
2015,Team Foote Longs,Wes,Darren McFadden,RB,DAL,,,,,,,,,
2015,Paper Thin Walls,Geoff,CJ Spiller,RB,NO,,,,,,,,,
2015,Threat Level Midnight,Ken,Charcandrick West,RB,KC,,,,,,,,,
2015,Eat The Sandwich,Spencer,Theo Riddick,RB,DET,,,,,,,,,
2015,The Buzzards,Tom,Travis Benjamin,WR,LAC,,,,,,,,,
2015,Gotham City Rogues,Dan,TIm Hightower,RB,NO,,,,,,,,,
2015,Johnny Man-Zeer,Gavin,Nate Washington,WR,HOU,,,,,,,,,
2015,Rapid City Monuments,TSizz,Doug Baldwin,WR,SEA,,,,,,,,,
2015,Republic City Fire Ferrets,James,Tre Mason,RB,LAR,,,,,,,,,
2015,AutoDrafted Scrubs,Spear,Charles Sims,RB,TB,,,,,,,,,
2015,Brookfield Brawlers,Rob,Brandon Bolden,RB,NE,,,,,,,,,
2015,LSC Stud Muffins,Dylan,Davante Adams,WR,GB,,,,,,,,,
2015,Team Foote Longs,Wes,Michael Crabtree,WR,LV,,,,,,,,,
2015,Paper Thin Walls,Geoff,Julio Jones,WR,ATL,,,,,,,,,
2015,Threat Level Midnight,Ken,Demaryius Thomas,WR,DEN,,,,,,,,,
2015,Eat The Sandwich,Spencer,Vincent Jackson,WR,TB,,,,,,,,,
2015,The Buzzards,Tom,Mike Evans,WR,TB,,,,,,,,,
2015,Gotham City Rogues,Dan,Eric Decker,RB,NYJ,,,,,,,,,
2015,Johnny Man-Zeer,Gavin,Antonio Brown,WR,PIT,,,,,,,,,
2015,Rapid City Monuments,TSizz,DeAndre Hopkins,WR,HOU,,,,,,,,,
2015,Republic City Fire Ferrets,James,Odell Beckham Jr.,WR,NYG,,,,,,,,,
2015,AutoDrafted Scrubs,Spear,Perre Garcon,WR,WAS,,,,,,,,,
2015,Brookfield Brawlers,Rob,Danny Amendola,WR,NE,,,,,,,,,
2015,LSC Stud Muffins,Dylan,Donte Moncrief,WR,IND,,,,,,,,,
2015,Team Foote Longs,Wes,Brandon Marshall,WR,NYJ,,,,,,,,,
2015,Paper Thin Walls,Geoff,Emmanuel Sanders,WR,DEN,,,,,,,,,
2015,Threat Level Midnight,Ken,Sammy Watkins,WR,BUF,,,,,,,,,
2015,Eat The Sandwich,Spencer,John Brown,WR,ARI,,,,,,,,,
2015,The Buzzards,Tom,Allen Robinson,WR,JAX,,,,,,,,,
2015,Gotham City Rogues,Dan,Randall Cobb,WR,GB,,,,,,,,,
2015,Johnny Man-Zeer,Gavin,Martavis Bryant,WR,PIT,,,,,,,,,
2015,Rapid City Monuments,TSizz,Calvin Johnson,WR,DET,,,,,,,,,
2015,Republic City Fire Ferrets,James,Kamar Aiken,WR,BAL,,,,,,,,,
2015,AutoDrafted Scrubs,Spear,Golden Tate,WR,DET,,,,,,,,,
2015,Brookfield Brawlers,Rob,Tavon Austin,WR,LAR,,,,,,,,,
2015,LSC Stud Muffins,Dylan,Robert Woods,WR,BUF,,,,,,,,,
2015,Team Foote Longs,Wes,Markus Wheaton,WR,PIT,,,,,,,,,
2015,Paper Thin Walls,Geoff,Michael Floyd,WR,ARI,,,,,,,,,
2015,Threat Level Midnight,Ken,Willie Snead,WR,NO,,,,,,,,,
2015,Eat The Sandwich,Spencer,Jeremy Maclin,WR,KC,,,,,,,,,
2015,The Buzzards,Tom,AJ Green,WR,CIN,,,,,,,,,
2015,Gotham City Rogues,Dan,Larry Fitzgerald,WR,ARI,,,,,,,,,
2015,Johnny Man-Zeer,Gavin,Jarvis Landry,WR,MIA,,,,,,,,,
2015,Rapid City Monuments,TSizz,Amari Cooper,WR,LV,,,,,,,,,
2015,Republic City Fire Ferrets,James,Tyler Eifert,TE,CIN,,,,,,,,,
2015,AutoDrafted Scrubs,Spear,Travis Kelce,TE,KC,,,,,,,,,
2015,Brookfield Brawlers,Rob,Anquan Boldin,WR,SF,,,,,,,,,
2015,LSC Stud Muffins,Dylan,Jason Witten,TE,DAL,,,,,,,,,
2015,Team Foote Longs,Wes,Alshon Jeffery,WR,DAL,,,,,,,,,
2015,Paper Thin Walls,Geoff,Brandin Cooks,WR,NO,,,,,,,,,
2015,Threat Level Midnight,Ken,Antonio Gates,TE,LAC,,,,,,,,,
2015,Eat The Sandwich,Spencer,Greg Olsen,TE,CAR,,,,,,,,,
2015,The Buzzards,Tom,Benjamin Watson,TE,BAL,,,,,,,,,
2015,Gotham City Rogues,Dan,Rob Gronkowski,TE,NE,,,,,,,,,
2015,Johnny Man-Zeer,Gavin,Gary Barnidge,TE,CLE,,,,,,,,,
2015,Rapid City Monuments,TSizz,Jacob Tamme,TE,ATL,,,,,,,,,
2015,Republic City Fire Ferrets,James,Austin Seferian-Jenkins,TE,TB,,,,,,,,,
2015,AutoDrafted Scrubs,Spear,Jordan Reed,TE,WAS,,,,,,,,,
2015,Brookfield Brawlers,Rob,Delanie Walker,TE,TEN,,,,,,,,,
2015,LSC Stud Muffins,Dylan,Julius Thomas,TE,JAX,,,,,,,,,
2015,Team Foote Longs,Wes,Coby Fleener,TE,NO,,,,,,,,,
2015,Paper Thin Walls,Geoff,Zach Ertz,TE,PHI,,,,,,,,,
2015,Threat Level Midnight,Ken,Cardinals D/ST,DEF,ARI,,,,,,,,,
2015,Eat The Sandwich,Spencer,Broncos D/ST,DEF,DEN,,,,,,,,,
2015,The Buzzards,Tom,Bengals D/ST,DEF,CIN,,,,,,,,,
2015,Gotham City Rogues,Dan,Cheifs D/ST,DEF,KC,,,,,,,,,
2015,Johnny Man-Zeer,Gavin,Texans D/ST,DEF,HOU,,,,,,,,,
2015,Rapid City Monuments,TSizz,Patriots D/ST,DEF,NE,,,,,,,,,
2015,Republic City Fire Ferrets,James,Panthers D/ST,DEF,CAR,,,,,,,,,
2015,AutoDrafted Scrubs,Spear,Jets D/ST,DEF,NYJ,,,,,,,,,
2015,Brookfield Brawlers,Rob,Seahawks D/ST,DEF,SEA,,,,,,,,,
2015,LSC Stud Muffins,Dylan,Packers D/ST,DEF,GB,,,,,,,,,
2015,Team Foote Longs,Wes,Eagles D/ST,DEF,PHI,,,,,,,,,
2015,Paper Thin Walls,Geoff,Dolphins D/ST,DEF,MIA,,,,,,,,,
2015,Threat Level Midnight,Ken,Josh Brown,K,NYG,,,,,,,,,
2015,Eat The Sandwich,Spencer,Brandon McManus,K,DEN,,,,,,,,,
2015,The Buzzards,Tom,Graham Gano,K,CAR,,,,,,,,,
2015,Gotham City Rogues,Dan,Chandler Catanzaro,K,ARI,,,,,,,,,
2015,Johnny Man-Zeer,Gavin,Andrew Franks,K,MIA,,,,,,,,,
2015,Rapid City Monuments,TSizz,Mason Crosby,K,GB,,,,,,,,,
2015,Republic City Fire Ferrets,James,Cairo Santos,K,KC,,,,,,,,,
2015,AutoDrafted Scrubs,Spear,Dustin Hopkins,K,WAS,,,,,,,,,
2015,Brookfield Brawlers,Rob,Stephen Gostkowski,K,NE,,,,,,,,,
2015,LSC Stud Muffins,Dylan,Justin Tucker,K,BAL,,,,,,,,,
2015,Team Foote Longs,Wes,Steven Hauschka,K,SEA,,,,,,,,,
2015,Paper Thin Walls,Geoff,Robbie Gould,K,DAL,,,,,,,,,
2015,Threat Level Midnight,Ken,Reuben Randle,WR,PHI,,,,,,,,,
2015,Eat The Sandwich,Spencer,Heath Miller,TE,PIT,,,,,,,,,
2015,The Buzzards,Tom,Ronnie Hillman,RB,DEN,,,,,,,,,
2015,Gotham City Rogues,Dan,TY Hilton,WR,IND,,,,,,,,,
2015,Johnny Man-Zeer,Gavin,Andre Ellington,RB,ARI,,,,,,,,,
2015,Rapid City Monuments,TSizz,Todd Gurley,RB,LAR,,,,,,,,,
2015,Republic City Fire Ferrets,James,Demarco Murray,RB,TEN,,,,,,,,,
2015,AutoDrafted Scrubs,Spear,CJ Ancerson,RB,DEN,,,,,,,,,
2015,Brookfield Brawlers,Rob,Julian Edelman,WR,NE,,,,,,,,,
2015,LSC Stud Muffins,Dylan,Richard Rodgers,TE,GB,,,,,,,,,
2015,Team Foote Longs,Wes,Marshawn Lynch,RB,SEA,,,,,,,,,
2015,Paper Thin Walls,Geoff,Joique Bell,RB,DET,,,,,,,,,
2015,Threat Level Midnight,Ken,Marvin Jones,WR,DET,,,,,,,,,
2015,Eat The Sandwich,Spencer,James Jones,WR,GB,,,,,,,,,
2015,The Buzzards,Tom,Spencer Ware,RB,KC,,,,,,,,,
2015,Gotham City Rogues,Dan,Brandon LaFell,WR,CIN,,,,,,,,,
2015,Johnny Man-Zeer,Gavin,Terrance Williams,WR,DAL,,,,,,,,,
2015,Rapid City Monuments,TSizz,Mike Wallace,WR,BAL,,,,,,,,,
2015,Republic City Fire Ferrets,James,DeSean Jackson,WR,WAS,,,,,,,,,
2015,AutoDrafted Scrubs,Spear,LeGarrette BKount,RB,NE,,,,,,,,,
2015,Brookfield Brawlers,Rob,Rashad Jennings,RB,NYG,,,,,,,,,
2015,LSC Stud Muffins,Dylan,Caleb Sturgis,K,PHI,,,,,,,,,
2015,Team Foote Longs,Wes,Torrey Smith,WR,SF,,,,,,,,,
2015,Paper Thin Walls,Geoff,Bishop Sankey,RB,TEN,,,,,,,,,
2015,Threat Level Midnight,Ken,James Starks,RB,GB,,,,,,,,,
2015,Eat The Sandwich,Spencer,Karlos Williams,RB,BUF,,,,,,,,,
2015,The Buzzards,Tom,Matthew Stafford,QB,DET,,,,,,,,,
2015,Gotham City Rogues,Dan,Eddie Lacy,RB,GB,,,,,,,,,
2015,Johnny Man-Zeer,Gavin,Allen Hurns,WR,JAX,,,,,,,,,
2015,Rapid City Monuments,TSizz,Derek Carr,QB,LV,,,,,,,,,
2015,Republic City Fire Ferrets,James,Stefon Diggs,WR,MIN,,,,,,,,,
2015,AutoDrafted Scrubs,Spear,Eric Ebron,TE,DET,,,,,,,,,
2015,Brookfield Brawlers,Rob,Bilal Powell,RB,NYJ,,,,,,,,,
2015,LSC Stud Muffins,Dylan,Andre Johnson,WR,IND,,,,,,,,,
2015,Team Foote Longs,Wes,Kendall Wright,WR,TEN,,,,,,,,,
2015,Paper Thin Walls,Geoff,Malcom Floyd,WR,LAC,,,,,,,,,
2015,Threat Level Midnight,Ken,Blake Bortles,QB,JAX,,,,,,,,,
2015,Eat The Sandwich,Spencer,Dwayne Harris,WR,NYG,,,,,,,,,
2015,The Buzzards,Tom,Denard Robinson,RB,JAX,,,,,,,,,
2015,Gotham City Rogues,Dan,Jay Ajayi,RB,MIA,,,,,,,,,
2015,Johnny Man-Zeer,Gavin,Kenny Stills,WR,MIA,,,,,,,,,
2015,Rapid City Monuments,TSizz,Jordan Cameron,TE,MIA,,,,,,,,,
2015,Republic City Fire Ferrets,James,Dorial Green-Beckham,WR,TEN,,,,,,,,,
2015,AutoDrafted Scrubs,Spear,Cecil Shorts III,WR,HOU,,,,,,,,,
2015,Brookfield Brawlers,Rob,Ted Ginn Jr.,WR,CAR,,,,,,,,,
2015,LSC Stud Muffins,Dylan,Marlon Brown,WR,BAL,,,,,,,,,
2015,Team Foote Longs,Wes,Stevie Johnson,WR,LAC,,,,,,,,,
2015,Paper Thin Walls,Geoff,Jared Cook,TE,GB,,,,,,,,,
2015,Threat Level Midnight,Ken,Bryce Brown,RB,SEA,,,,,,,,,
2015,Eat The Sandwich,Spencer,Kendall Gaskins,RB,SF,,,,,,,,,
2015,The Buzzards,Tom,Tyler Lockett,WR,SEA,,,,,,,,,
2015,Gotham City Rogues,Dan,Chiristine Michael,RB,SEA,,,,,,,,,
2015,Johnny Man-Zeer,Gavin,Antonio Andrews,RB,TEN,,,,,,,,,
2015,Rapid City Monuments,TSizz,Crockett Gillmore,TE,BAL,,,,,,,,,
2015,Republic City Fire Ferrets,James,Zach Miller,TE,DAL,,,,,,,,,
2015,AutoDrafted Scrubs,Spear,Devin Funchess,WR,CAR,,,,,,,,,
2015,Brookfield Brawlers,Rob,Keshawn Martin,WR,NE,,,,,,,,,
2015,LSC Stud Muffins,Dylan,Joe Flacco,QB,BAL,,,,,,,,,
2015,Team Foote Longs,Wes,Andy Dalton,QB,CIN,,,,,,,,,
2015,Paper Thin Walls,Geoff,Steelers D/ST,DEF,PIT,,,,,,,,,
2015,Eat The Sandwich,Spencer,DuJuan Harris,RB,SF,,,,,,,,,
2015,The Buzzards,Tom,Will Tye,TE,NYG,,,,,,,,,
2015,Gotham City Rogues,Dan,Scott Chandler,TE,NE,,,,,,,,,
2015,Johnny Man-Zeer,Gavin,DeVante Parker,WR,MIA,,,,,,,,,
2015,Rapid City Monuments,TSizz,Matt Jones,RB,WAS,,,,,,,,,
2015,Republic City Fire Ferrets,James,Tyrod Taylor,QB,BUF,,,,,,,,,
2015,LSC Stud Muffins,Dylan,Jordan Matthews,WR,PHI,,,,,,,,,
2015,Team Foote Longs,Wes,Owen Daniels,TE,DEN,,,,,,,,,
2015,Paper Thin Walls,Geoff,Chris Givens,WR,PHI,,,,,,,,,
2015,Threat Level Midnight,Ken,Jimmy Graham,TE,SEA,,,,,,,,,
2015,Eat The Sandwich,Spencer,Andrew Luck,QB,IND,,,,,,,,,
2015,The Buzzards,Tom,Jonathan Stewart,RB,CAR,,,,,,,,,
2015,Gotham City Rogues,Dan,Dion Lewis,RB,NE,,,,,,,,,
2015,Republic City Fire Ferrets,James,LeSean McCoy,RB,BUF,,,,,,,,,
2015,AutoDrafted Scrubs,Spear,Mark Ingram,RB,NO,,,,,,,,,
2015,Brookfield Brawlers,Rob,Dex Bryant,WR,DAL,,,,,,,,,
2015,LSC Stud Muffins,Dylan,Le'Veon Bell,RB,PIT,,,,,,,,,
2015,Paper Thin Walls,Geoff,Peyton Manning,QB,DEN,,,,,,,,,
2016,Nothing to see Here,Ken,Russell Wilson,QB,SEA,,,,,,,,,
2016,Eat The Sandwich,Spencer,Eli Manning,QB,NYG,,,,,,,,,
2016,The Phenomenal Ones,Tom,Andy Dalton,QB,CIN,,,,,,,,,
2016,Gotham City Rogues,Dan,Cam Newton,QB,CAR,,,,,,,,,
2016,Johnny Man-Zeer,Gavin,Tom Brady,QB,NE,,,,,,,,,
2016,To Me Those BallsArePerfect,TSizz,Ben Roethlisberger,QB,PIT,,,,,,,,,
2016,Kirk's Sinking Enterprise,James,Kirk Cousins,QB,WAS,,,,,,,,,
2016,WhenUrKickerIs YourBestPlayer,Spear,Carson Palmer,QB,ARI,,,,,,,,,
2016,Reverend Payne,Rob,Aaron Rodgers,QB,GB,,,,,,,,,
2016,LSC Stud Muffins,Dylan,Matt Ryan,QB,ATL,,,,,,,,,
2016,Team Foote Longs,Wes,Jameis Winston,QB,TB,,,,,,,,,
2016,Seabass and the Fellas,Geoff,Drew Brees,QB,NO,,,,,,,,,
2016,Nothing to see Here,Ken,Tevin Coleman,RB,ATL,,,,,,,,,
2016,Eat The Sandwich,Spencer,Matt Forte,RB,NYJ,,,,,,,,,
2016,The Phenomenal Ones,Tom,Spencer Ware,RB,KC,,,,,,,,,
2016,Gotham City Rogues,Dan,LeGarrette BKount,RB,NE,,,,,,,,,
2016,Johnny Man-Zeer,Gavin,Frank Gore,RB,IND,,,,,,,,,
2016,To Me Those BallsArePerfect,TSizz,Todd Gurley,RB,LA,,,,,,,,,
2016,Kirk's Sinking Enterprise,James,LeSean McCoy,RB,BUF,,,,,,,,,
2016,WhenUrKickerIs YourBestPlayer,Spear,Devonta Freeman,RB,ATL,,,,,,,,,
2016,Reverend Payne,Rob,David Johnson,RB,ARI,,,,,,,,,
2016,LSC Stud Muffins,Dylan,Thomas Rawls,RB,SEA,,,,,,,,,
2016,Team Foote Longs,Wes,Duke Johnson Jr.,RB,CLE,,,,,,,,,
2016,Seabass and the Fellas,Geoff,Mark Ingram,RB,NO,,,,,,,,,
2016,Nothing to see Here,Ken,DeAngelo Williams,RB,PIT,,,,,,,,,
2016,Eat The Sandwich,Spencer,Chris Thompson,RB,WAS,,,,,,,,,
2016,The Phenomenal Ones,Tom,Alfred BKue,RB,HOU,,,,,,,,,
2016,Gotham City Rogues,Dan,Jay Ajayi,RB,MIA,,,,,,,,,
2016,Johnny Man-Zeer,Gavin,Ty Montgomery,RB/WR,GB,,,,,,,,,
2016,To Me Those BallsArePerfect,TSizz,James White,RB,NE,,,,,,,,,
2016,Kirk's Sinking Enterprise,James,Jordan Howard,RB,DAL,,,,,,,,,
2016,WhenUrKickerIs YourBestPlayer,Spear,Theo Riddick,RB,DET,,,,,,,,,
2016,Reverend Payne,Rob,DeMarco Murray,RB,TEN,,,,,,,,,
2016,LSC Stud Muffins,Dylan,Jacquizz Rodgers,RB,TB,,,,,,,,,
2016,Team Foote Longs,Wes,Tim Hightower,RB,SF,,,,,,,,,
2016,Seabass and the Fellas,Geoff,Bilal Powell,RB,NYJ,,,,,,,,,
2016,Nothing to see Here,Ken,Latavius Murray,RB,MIN,,,,,,,,,
2016,Eat The Sandwich,Spencer,Cameron Meredith,WR,DAL,,,,,,,,,
2016,The Phenomenal Ones,Tom,Amari Cooper,WR,LV,,,,,,,,,
2016,Gotham City Rogues,Dan,Tyler Boyd,WR,CIN,,,,,,,,,
2016,Johnny Man-Zeer,Gavin,Antonio Brown,WR,PIT,,,,,,,,,
2016,To Me Those BallsArePerfect,TSizz,DeAndre Hopkins,WR,HOU,,,,,,,,,
2016,Kirk's Sinking Enterprise,James,Terrelle Pryor Sr.,WR,WAS,,,,,,,,,
2016,WhenUrKickerIs YourBestPlayer,Spear,Melvin Gordon,RB,LAC,,,,,,,,,
2016,Reverend Payne,Rob,Michael Crabtree,WR,LV,,,,,,,,,
2016,LSC Stud Muffins,Dylan,Isaiah Crowell,RB,CLE,,,,,,,,,
2016,Team Foote Longs,Wes,Demaryius Thomas,WR,DEN,,,,,,,,,
2016,Seabass and the Fellas,Geoff,Shane Vereen,RB,NYG,,,,,,,,,
2016,Nothing to see Here,Ken,Doug Baldwin,WR,SEA,,,,,,,,,
2016,Eat The Sandwich,Spencer,Sterling Shepard,WR,NYG,,,,,,,,,
2016,The Phenomenal Ones,Tom,Allen Robinson,WR,JAX,,,,,,,,,
2016,Gotham City Rogues,Dan,Sammy Watkins,WR,BUF,,,,,,,,,
2016,Johnny Man-Zeer,Gavin,Dez Bryant,WR,DAL,,,,,,,,,
2016,To Me Those BallsArePerfect,TSizz,Anquan Boldin,WR,DET,,,,,,,,,
2016,Kirk's Sinking Enterprise,James,Odell Beckham Jr.,WR,NYG,,,,,,,,,
2016,WhenUrKickerIs YourBestPlayer,Spear,AJ Green,WR,CIN,,,,,,,,,
2016,Reverend Payne,Rob,Juilan Edelman,WR,NE,,,,,,,,,
2016,LSC Stud Muffins,Dylan,TY Hilton,WR,IND,,,,,,,,,
2016,Team Foote Longs,Wes,Brandon Marshall,WR,NYG,,,,,,,,,
2016,Seabass and the Fellas,Geoff,Bradin Cooks,WR,NE,,,,,,,,,
2016,Nothing to see Here,Ken,Willie Snead,WR,NO,,,,,,,,,
2016,Eat The Sandwich,Spencer,Eddie Royal,WR,DAL,,,,,,,,,
2016,The Phenomenal Ones,Tom,Emmanuel Sanders,WR,DEN,,,,,,,,,
2016,Gotham City Rogues,Dan,Alshon Jeffery,WR,PHI,,,,,,,,,
2016,Johnny Man-Zeer,Gavin,Malcolm Mitchell,WR,NE,,,,,,,,,
2016,To Me Those BallsArePerfect,TSizz,Pierre Garcon,WR,SF,,,,,,,,,
2016,Kirk's Sinking Enterprise,James,Mike Evans,WR,TB,,,,,,,,,
2016,WhenUrKickerIs YourBestPlayer,Spear,Jamison Crowder,WR,WAS,,,,,,,,,
2016,Reverend Payne,Rob,Marvin Jones,WR,DET,,,,,,,,,
2016,LSC Stud Muffins,Dylan,JJ Nelson,WR,ARI,,,,,,,,,
2016,Team Foote Longs,Wes,Brian Quick,WR,WAS,,,,,,,,,
2016,Seabass and the Fellas,Geoff,Golden Tate,WR,DET,,,,,,,,,
2016,Nothing to see Here,Ken,Steve Smith Sr.,WR,BAL,,,,,,,,,
2016,Eat The Sandwich,Spencer,Virgil Green,TE,DEN,,,,,,,,,
2016,The Phenomenal Ones,Tom,Tyreek Hill,WR,KC,,,,,,,,,
2016,Gotham City Rogues,Dan,Davanta Adams,WR,GB,,,,,,,,,
2016,Johnny Man-Zeer,Gavin,Tyler Lockett,WR,SEA,,,,,,,,,
2016,To Me Those BallsArePerfect,TSizz,Kenny Britt,WR,CLE,,,,,,,,,
2016,Kirk's Sinking Enterprise,James,Tyrell Williams,WR,LAC,,,,,,,,,
2016,WhenUrKickerIs YourBestPlayer,Spear,DeSean Jackson,WR,TB,,,,,,,,,
2016,Reverend Payne,Rob,Michael Thomas,WR,NO,,,,,,,,,
2016,LSC Stud Muffins,Dylan,Brandon LaFell,WR,CIN,,,,,,,,,
2016,Team Foote Longs,Wes,Dwayne Allen,TE,NE,,,,,,,,,
2016,Seabass and the Fellas,Geoff,Jason Witten,TE,DAL,,,,,,,,,
2016,Nothing to see Here,Ken,Delanie Walker,TE,TEN,,,,,,,,,
2016,Eat The Sandwich,Spencer,Jesse James,TE,PIT,,,,,,,,,
2016,The Phenomenal Ones,Tom,Travis Kelce,TE,KC,,,,,,,,,
2016,Gotham City Rogues,Dan,Eric Ebron,TE,DET,,,,,,,,,
2016,Johnny Man-Zeer,Gavin,Kyle Rudolph,TE,MIN,,,,,,,,,
2016,To Me Those BallsArePerfect,TSizz,Jimmy Graham,TE,SEA,,,,,,,,,
2016,Kirk's Sinking Enterprise,James,Coby Fleener,TE,NO,,,,,,,,,
2016,WhenUrKickerIs YourBestPlayer,Spear,Antonio Gates,TE,LAC,,,,,,,,,
2016,Reverend Payne,Rob,Jordan Reed,TE,WAS,,,,,,,,,
2016,LSC Stud Muffins,Dylan,Dennis Pitta,TE,BAL,,,,,,,,,
2016,Team Foote Longs,Wes,Gary Barnidge,TE,CLE,,,,,,,,,
2016,Seabass and the Fellas,Geoff,Zach Ertz,TE,PHI,,,,,,,,,
2016,Nothing to see Here,Ken,Cardinals D/ST,DEF,ARI,,,,,,,,,
2016,Eat The Sandwich,Spencer,Seahawks D/ST,DEF,SEA,,,,,,,,,
2016,The Phenomenal Ones,Tom,Packers D/ST,DEF,GB,,,,,,,,,
2016,Gotham City Rogues,Dan,Bills D/ST,DEF,BUF,,,,,,,,,
2016,Johnny Man-Zeer,Gavin,Rams D/ST,DEF,LAR,,,,,,,,,
2016,To Me Those BallsArePerfect,TSizz,Giants D/ST,DEF,NYG,,,,,,,,,
2016,Kirk's Sinking Enterprise,James,Steelers D/ST,DEF,PIT,,,,,,,,,
2016,WhenUrKickerIs YourBestPlayer,Spear,Chargers D/ST,DEF,LAC,,,,,,,,,
2016,Reverend Payne,Rob,Chiefs D/ST,DEF,KC,,,,,,,,,
2016,LSC Stud Muffins,Dylan,Patriots D/ST,DEF,NE,,,,,,,,,
2016,Team Foote Longs,Wes,Vikings D/ST,DEF,MIN,,,,,,,,,
2016,Seabass and the Fellas,Geoff,Broncos D/ST,DEF,DEN,,,,,,,,,
2016,Nothing to see Here,Ken,Justin Tucker,K,BAL,,,,,,,,,
2016,Eat The Sandwich,Spencer,Caleb Sturgis,K,PHI,,,,,,,,,
2016,The Phenomenal Ones,Tom,Cairo Santos,K,KC,,,,,,,,,
2016,Gotham City Rogues,Dan,Matt Prater,K,DET,,,,,,,,,
2016,Johnny Man-Zeer,Gavin,Sebastian Janikowski,K,LV,,,,,,,,,
2016,To Me Those BallsArePerfect,TSizz,Matt Bryant,K,ATL,,,,,,,,,
2016,Kirk's Sinking Enterprise,James,Dan Bailey,K,DAL,,,,,,,,,
2016,WhenUrKickerIs YourBestPlayer,Spear,Wil Lutz,K,NO,,,,,,,,,
2016,Reverend Payne,Rob,Adam Vinatieri,K,IND,,,,,,,,,
2016,LSC Stud Muffins,Dylan,Mason Crosby,K,GB,,,,,,,,,
2016,Team Foote Longs,Wes,Nick Novak,K,HOU,,,,,,,,,
2016,Seabass and the Fellas,Geoff,Steven Hauschka,K,BUF,,,,,,,,,
2016,Nothing to see Here,Ken,Jonathan Stewart,RB,CAR,,,,,,,,,
2016,Eat The Sandwich,Spencer,Greg Olsen,TE,CAR,,,,,,,,,
2016,The Phenomenal Ones,Tom,Lamar Miller,RB,HOU,,,,,,,,,
2016,Gotham City Rogues,Dan,Jordan Matthews,WR,PHI,,,,,,,,,
2016,Johnny Man-Zeer,Gavin,Jarvis Landry,WR,MIA,,,,,,,,,
2016,To Me Those BallsArePerfect,TSizz,Mike Wallace,WR,BAL,,,,,,,,,
2016,Kirk's Sinking Enterprise,James,Carlos Hyde,RB,SF,,,,,,,,,
2016,WhenUrKickerIs YourBestPlayer,Spear,Randall Cobb,WR,GB,,,,,,,,,
2016,Reverend Payne,Rob,Chris Hogan,WR,NE,,,,,,,,,
2016,LSC Stud Muffins,Dylan,Le'Veon Bell,RB,PIT,,,,,,,,,
2016,Team Foote Longs,Wes,Philip Rivers,QB,LAC,,,,,,,,,
2016,Seabass and the Fellas,Geoff,Julio Jones,WR,ATL,,,,,,,,,
2016,Nothing to see Here,Ken,Tyrod Taylor,QB,BUF,,,,,,,,,
2016,Eat The Sandwich,Spencer,Larry Fitzgerald,WR,ARI,,,,,,,,,
2016,The Phenomenal Ones,Tom,Corey Coleman,WR,CLE,,,,,,,,,
2016,Gotham City Rogues,Dan,Martellus Bennett,TE,GB,,,,,,,,,
2016,Johnny Man-Zeer,Gavin,Ryan Matthews,RB,PHI,,,,,,,,,
2016,To Me Those BallsArePerfect,TSizz,Kenny Stills,WR,MIA,,,,,,,,,
2016,Kirk's Sinking Enterprise,James,Klevin Benjamin,WR,CAR,,,,,,,,,
2016,WhenUrKickerIs YourBestPlayer,Spear,Jerick McKinnon,RB,MIN,,,,,,,,,
2016,Reverend Payne,Rob,Cole Beasley,WR,DAL,,,,,,,,,
2016,LSC Stud Muffins,Dylan,Ezekiel Elliott,RB,DAL,,,,,,,,,
2016,Team Foote Longs,Wes,Doug Martin,RB,TB,,,,,,,,,
2016,Seabass and the Fellas,Geoff,Michael Floyd,WR,NE,,,,,,,,,
2016,Nothing to see Here,Ken,Chris Ivory,RB,JAX,,,,,,,,,
2016,Eat The Sandwich,Spencer,Jordy Nelson,WR,GB,,,,,,,,,
2016,The Phenomenal Ones,Tom,Derek Carr,QB,LV,,,,,,,,,
2016,Gotham City Rogues,Dan,Rashad Jennings,RB,NYG,,,,,,,,,
2016,Johnny Man-Zeer,Gavin,Mohamed Sanu,WR,ATL,,,,,,,,,
2016,To Me Those BallsArePerfect,TSizz,Trevor Siemian,QB,DEN,,,,,,,,,
2016,Kirk's Sinking Enterprise,James,Donte Moncrief,WR,IND,,,,,,,,,
2016,WhenUrKickerIs YourBestPlayer,Spear,Jeremy Maclin,WR,KC,,,,,,,,,
2016,Reverend Payne,Rob,Terrance West,RB,BAL,,,,,,,,,
2016,LSC Stud Muffins,Dylan,Rueben Randle,WR,CIN,,,,,,,,,
2016,Team Foote Longs,Wes,Jeremy Hill,RB,CIN,,,,,,,,,
2016,Seabass and the Fellas,Geoff,Matthew Stafford,QB,DET,,,,,,,,,
2016,Nothing to see Here,Ken,Tavon Austin,WR,LA,,,,,,,,,
2016,Eat The Sandwich,Spencer,Andrew Luck,QB,IND,,,,,,,,,
2016,The Phenomenal Ones,Tom,Stefon Diggs,WR,MIN,,,,,,,,,
2016,Gotham City Rogues,Dan,Devontae Booker,RB,DEN,,,,,,,,,
2016,Johnny Man-Zeer,Gavin,Paul Perkins,RB,NYG,,,,,,,,,
2016,To Me Those BallsArePerfect,TSizz,Matt Asiata,RB,MIN,,,,,,,,,
2016,Kirk's Sinking Enterprise,James,Cameron Brate,TE,TB,,,,,,,,,
2016,WhenUrKickerIs YourBestPlayer,Spear,Rishard Matthews,WR,TEN,,,,,,,,,
2016,Reverend Payne,Rob,Vernon Davis,TE,WAS,,,,,,,,,
2016,LSC Stud Muffins,Dylan,Alex Smith,QB,KC,,,,,,,,,
2016,Team Foote Longs,Wes,Allen Hurns,WR,JAX,,,,,,,,,
2016,Seabass and the Fellas,Geoff,Charles Clay,TE,BUF,,,,,,,,,
2016,Nothing to see Here,Ken,Robert Kelley,RB,WAS,,,,,,,,,
2016,Eat The Sandwich,Spencer,Darren Sproles,RB,PHI,,,,,,,,,
2016,The Phenomenal Ones,Tom,Dion Lewis,RB,NE,,,,,,,,,
2016,Gotham City Rogues,Dan,Marcus Mariota,QB,TEN,,,,,,,,,
2016,Johnny Man-Zeer,Gavin,Kenneth Dixon,RB,BAL,,,,,,,,,
2016,To Me Those BallsArePerfect,TSizz,Marqise Lee,WR,JAX,,,,,,,,,
2016,Kirk's Sinking Enterprise,James,Derrick Henry,RB,TEN,,,,,,,,,
2016,WhenUrKickerIs YourBestPlayer,Spear,CJ Fiedorowicz,TE,HOU,,,,,,,,,
2016,Reverend Payne,Rob,Adrian Peterson,RB,MIN,,,,,,,,,
2016,LSC Stud Muffins,Dylan,Charcandrick West,RB,KC,,,,,,,,,
2016,Team Foote Longs,Wes,TJ Yeldon,RB,JAX,,,,,,,,,
2016,Seabass and the Fellas,Geoff,Wendell Smallwood,RB,PHI,,,,,,,,,
2016,Nothing to see Here,Ken,Pitrgerald Toussaint,RB,PIT,,,,,,,,,
2016,Eat The Sandwich,Spencer,Dontrelle Inman,WR,LAC,,,,,,,,,
2016,The Phenomenal Ones,Tom,Taylor Gabriel,WR,ATL,,,,,,,,,
2016,Gotham City Rogues,Dan,Robby Anderson,WR,NYJ,,,,,,,,,
2016,Johnny Man-Zeer,Gavin,Ted Ginn Jr.,WR,CAR,,,,,,,,,
2016,To Me Those BallsArePerfect,TSizz,Jeremy Langford,RB,DAL,,,,,,,,,
2016,Kirk's Sinking Enterprise,James,Marquess Wilson,WR,DAL,,,,,,,,,
2016,WhenUrKickerIs YourBestPlayer,Spear,Adam Thielen,WR,MIN,,,,,,,,,
2017,LSC Stud Muffins,Dylan,Albert Wilson,WR,KC,,,,,,,,,
2016,Team Foote Longs,Wes,Dak Prescott,QB,DAL,,,,,,,,,
2016,Seabass and the Fellas,Geoff,John Brown,WR,ARI,,,,,,,,,
2016,Nothing to see Here,Ken,Danny Woodhead,RB,LAC,,,,,,,,,
2016,Gotham City Rogues,Dan,Rob Gronkowski,TE,NE,,,,,,,,,
2016,Seabass and the Fellas,Geoff,Giovani Bernard,RB,CIN,,,,,,,,,
2017,Nothing to see Here,Ken,Russell Wilson,QB,SEA,,,,,,,,,
2017,Eat The Sandwich,Spencer,Cam Newton,QB,CAR,,,,,,,,,
2017,The J.O.B. Squad,Tom,Matthew Stafford,QB,DET,,,,,,,,,
2017,Gotham City Rogues,Dan,Jared Goff,QB,LAR,,,,,,,,,
2017,Pray For Johnny Man-Zeer,Gavin,Tom Brady,QB,NE,,,,,,,,,
2017,Thanks.,TSizz,Case Keenum,QB,DEN,,,,,,,,,
2017,Captain Kirk's Enterprise,James,Kirk Cousins,QB,MIN,,,,,,,,,
2017,Abdullah OBKongata,Spear,Nick Foles,QB,PHI,,,,,,,,,
2017,Reverend Payne,Rob,Drew Stanton,QB,CLE,,,,,,,,,
2017,LSC Stud Muffins,Dylan,Matt Ryan,QB,ATL,,,,,,,,,
2017,Team Foote Longs,Wes,Blake Bortles,QB,JAX,,,,,,,,,
2017,Seabass and the Fellas,Geoff,Ben Roethlisberger,QB,PIT,,,,,,,,,
2017,Nothing to see Here,Ken,Theo Riddick,RB,DET,,,,,,,,,
2017,Eat The Sandwich,Spencer,DeMarco Murray,RB,TEN,,,,,,,,,
2017,The J.O.B. Squad,Tom,Kenyan Drake,RB,MIA,,,,,,,,,
2017,Gotham City Rogues,Dan,Jay Ajayi,RB,PHI,,,,,,,,,
2017,Pray For Johnny Man-Zeer,Gavin,Christian McCaffrey,RB,CAR,,,,,,,,,
2017,Thanks.,TSizz,Jerick McKinnon,RB,SF,,,,,,,,,
2017,Captain Kirk's Enterprise,James,Kareem Hunt,RB,KC,,,,,,,,,
2017,Abdullah OBKongata,Spear,Melvin Gordon,RB,LAC,,,,,,,,,
2017,Reverend Payne,Rob,Mark Ingram,RB,NO,,,,,,,,,
2017,LSC Stud Muffins,Dylan,Le'Veon Bell,RB,PIT,,,,,,,,,
2017,Team Foote Longs,Wes,Jordan Howard,RB,DAL,,,,,,,,,
2017,Seabass and the Fellas,Geoff,Devonta Freeman,RB,ATL,,,,,,,,,
2017,Nothing to see Here,Ken,Derrick Henry,RB,TEN,,,,,,,,,
2017,Eat The Sandwich,Spencer,Isaiah Crowell,RB,NYJ,,,,,,,,,
2017,The J.O.B. Squad,Tom,Todd Gurley II,RB,LAR,,,,,,,,,
2017,Gotham City Rogues,Dan,Duke Johnson Jr.,RB,CLE,,,,,,,,,
2017,Pray For Johnny Man-Zeer,Gavin,Dion Lewis,RB,TEN,,,,,,,,,
2017,Thanks.,TSizz,Latavius Murray,RB,MIN,,,,,,,,,
2017,Captain Kirk's Enterprise,James,Alex Collins,RB,BAL,,,,,,,,,
2017,Abdullah OBKongata,Spear,LeSean McCoy,RB,BUF,,,,,,,,,
2017,Reverend Payne,Rob,Jonathan Stewart,RB,NYG,,,,,,,,,
2017,LSC Stud Muffins,Dylan,Giovani Bernard,RB,CIN,,,,,,,,,
2017,Team Foote Longs,Wes,Lamar Miller,RB,HOU,,,,,,,,,
2017,Seabass and the Fellas,Geoff,Alvin Kamara,RB,NO,,,,,,,,,
2017,Nothing to see Here,Ken,JuJu Smith-Schuster,WR,PIT,,,,,,,,,
2017,Eat The Sandwich,Spencer,Michael Crabtree,WR,BAL,,,,,,,,,
2017,The J.O.B. Squad,Tom,Leonard Fournette,RB,JAX,,,,,,,,,
2017,Gotham City Rogues,Dan,Alshon Jeffery,WR,PHI,,,,,,,,,
2017,Pray For Johnny Man-Zeer,Gavin,Sammy Watkins,WR,KC,,,,,,,,,
2017,Thanks.,TSizz,Rod Smith,RB,DAL,,,,,,,,,
2017,Captain Kirk's Enterprise,James,Mike Davis,RB,SEA,,,,,,,,,
2017,Abdullah OBKongata,Spear,Dede Westbrook,WR,JAX,,,,,,,,,
2017,Reverend Payne,Rob,Keelan Cole,WR,JAX,,,,,,,,,
2017,LSC Stud Muffins,Dylan,Mohamed Sanu,WR,ATL,,,,,,,,,
2017,Team Foote Longs,Wes,Carlos Hyde,RB,CLE,,,,,,,,,
2017,Seabass and the Fellas,Geoff,Julio Jones,WR,ATL,,,,,,,,,
2017,Nothing to see Here,Ken,Doug Baldwin,WR,SEA,,,,,,,,,
2017,Eat The Sandwich,Spencer,Marvin Jones Jr.,WR,DET,,,,,,,,,
2017,The J.O.B. Squad,Tom,Demaryius Thomas,WR,DEN,,,,,,,,,
2017,Gotham City Rogues,Dan,Brandin Cooks,WR,LAR,,,,,,,,,
2017,Pray For Johnny Man-Zeer,Gavin,DeAndre Hopkins,WR,HOU,,,,,,,,,
2017,Thanks.,TSizz,Devin Funchess,WR,CAR,,,,,,,,,
2017,Captain Kirk's Enterprise,James,Mike Evans,WR,TB,,,,,,,,,
2017,Abdullah OBKongata,Spear,AJ Green,WR,CIN,,,,,,,,,
2017,Reverend Payne,Rob,TY Hilton,WR,IND,,,,,,,,,
2017,LSC Stud Muffins,Dylan,Randall Cobb,WR,GB,,,,,,,,,
2017,Team Foote Longs,Wes,Stefon Diggs,WR,MIN,,,,,,,,,
2017,Seabass and the Fellas,Geoff,Keenan Allen,WR,LAC,,,,,,,,,
2017,Nothing to see Here,Ken,Jarvis Landry,WR,CLE,,,,,,,,,
2017,Eat The Sandwich,Spencer,Josh Gordon,WR,CLE,,,,,,,,,
2017,The J.O.B. Squad,Tom,Corey Coleman,WR,CLE,,,,,,,,,
2017,Gotham City Rogues,Dan,Rovert Woods,WR,LAR,,,,,,,,,
2017,Pray For Johnny Man-Zeer,Gavin,Sterling Shepard,WR,NYG,,,,,,,,,
2017,Thanks.,TSizz,Tyreek Hill,WR,KC,,,,,,,,,
2017,Captain Kirk's Enterprise,James,Michael Thomas,WR,NO,,,,,,,,,
2017,Abdullah OBKongata,Spear,Adam Thielen,WR,MIN,,,,,,,,,
2017,Reverend Payne,Rob,Dez Bryant,WR,DAL,,,,,,,,,
2017,LSC Stud Muffins,Dylan,Mike Wallace,WR,PHI,,,,,,,,,
2017,Team Foote Longs,Wes,Cooper Kupp,WR,LAR,,,,,,,,,
2017,Seabass and the Fellas,Geoff,Martavis Bryant,WR,PIT,,,,,,,,,
2017,Nothing to see Here,Ken,Larry Fitzgerald,WR,ARI,,,,,,,,,
2017,Eat The Sandwich,Spencer,Jordy Nelson,WR,LV,,,,,,,,,
2017,The J.O.B. Squad,Tom,Kenny Smith,WR,MIA,,,,,,,,,
2017,Gotham City Rogues,Dan,Rob Gronkowski,TE,NE,,,,,,,,,
2017,Pray For Johnny Man-Zeer,Gavin,Robby Anderson,WR,NYJ,,,,,,,,,
2017,Thanks.,TSizz,Jared Cook,TE,LV,,,,,,,,,
2017,Captain Kirk's Enterprise,James,Jamison Crowder,WR,WAS,,,,,,,,,
2017,Abdullah OBKongata,Spear,Golden Tate,WR,DET,,,,,,,,,
2017,Reverend Payne,Rob,Rishard Matthews,WR,TEN,,,,,,,,,
2017,LSC Stud Muffins,Dylan,Davante Adams,WR,GB,,,,,,,,,
2017,Team Foote Longs,Wes,Nelson Agholor,WR,PHI,,,,,,,,,
2017,Seabass and the Fellas,Geoff,Travis Kelce,TE,KC,,,,,,,,,
2017,Nothing to see Here,Ken,Charles Clay,TE,BUF,,,,,,,,,
2017,Eat The Sandwich,Spencer,Greg Olsen,TE,CAR,,,,,,,,,
2017,The J.O.B. Squad,Tom,Jimmy Graham,TE,GB,,,,,,,,,
2017,Gotham City Rogues,Dan,Jack Doyle,TE,IND,,,,,,,,,
2017,Pray For Johnny Man-Zeer,Gavin,Evan Engram,TE,NYG,,,,,,,,,
2017,Thanks.,TSizz,Hunter Henry,TE,LAC,,,,,,,,,
2017,Captain Kirk's Enterprise,James,Cameron Brate,TE,TB,,,,,,,,,
2017,Abdullah OBKongata,Spear,Eric Ebron,TE,IND,,,,,,,,,
2017,Reverend Payne,Rob,Delanie Walker,TE,TEN,,,,,,,,,
2017,LSC Stud Muffins,Dylan,Julius Thomas,TE,MIA,,,,,,,,,
2017,Team Foote Longs,Wes,Jason Witten,TE,DAL,,,,,,,,,
2017,Seabass and the Fellas,Geoff,Zach Ertz,TE,PHI,,,,,,,,,
2017,Nothing to see Here,Ken,Bills D/ST,DEF,BUF,,,,,,,,,
2017,Eat The Sandwich,Spencer,Lions D/ST,DEF,DET,,,,,,,,,
2017,The J.O.B. Squad,Tom,Rams D/ST,DEF,LAR,,,,,,,,,
2017,Gotham City Rogues,Dan,Bears D/ST,DEF,CHI,,,,,,,,,
2017,Pray For Johnny Man-Zeer,Gavin,Vikings D/ST,DEF,MIN,,,,,,,,,
2017,Thanks.,TSizz,Jaguars D/ST,DEF,JAX,,,,,,,,,
2017,Captain Kirk's Enterprise,James,Seahawks D/ST,DEF,SEA,,,,,,,,,
2017,Abdullah OBKongata,Spear,Redskins D/ST,DEF,WAS,,,,,,,,,
2017,Reverend Payne,Rob,Chargers D/ST,DEF,LAC,,,,,,,,,
2017,LSC Stud Muffins,Dylan,Saints D/ST,DEF,NO,,,,,,,,,
2017,Team Foote Longs,Wes,Eagles D/ST,DEF,PHI,,,,,,,,,
2017,Seabass and the Fellas,Geoff,Panthers D/ST,DEF,CAR,,,,,,,,,
2017,Nothing to see Here,Ken,Justin Tucker,K,BAL,,,,,,,,,
2017,Eat The Sandwich,Spencer,Ryan Succop,K,TEN,,,,,,,,,
2017,The J.O.B. Squad,Tom,Stephen Gostkowski,K,NE,,,,,,,,,
2017,Gotham City Rogues,Dan,Harrison Butker,K,KC,,,,,,,,,
2017,Pray For Johnny Man-Zeer,Gavin,Kai Forbath,K,MIN,,,,,,,,,
2017,Thanks.,TSizz,Wil Lutz,K,NO,,,,,,,,,
2017,Captain Kirk's Enterprise,James,Matt Prater,K,DET,,,,,,,,,
2017,Abdullah OBKongata,Spear,Sam Ficken,K,LAR,,,,,,,,,
2017,Reverend Payne,Rob,Jake Elliott,K,PHI,,,,,,,,,
2017,LSC Stud Muffins,Dylan,Mason Crosby,K,GB,,,,,,,,,
2017,Team Foote Longs,Wes,Robbie Gould,K,SF,,,,,,,,,
2017,Seabass and the Fellas,Geoff,Matt Bryant,K,ATL,,,,,,,,,
2017,Nothing to see Here,Ken,Marshawn Lynch,RB,LV,,,,,,,,,
2017,Eat The Sandwich,Spencer,CJ ANderson,RB,DEN,,,,,,,,,
2017,The J.O.B. Squad,Tom,Tevin Coleman,RB,ATL,,,,,,,,,
2017,Gotham City Rogues,Dan,Joe Mixon,RB,CIN,,,,,,,,,
2017,Pray For Johnny Man-Zeer,Gavin,Antonio Brown,WR,PIT,,,,,,,,,
2017,Thanks.,TSizz,Chris Ivory,RB,BUF,,,,,,,,,
2017,Captain Kirk's Enterprise,James,Doug Martin,RB,LV,,,,,,,,,
2017,Abdullah OBKongata,Spear,Kelvin Benjamin,WR,BUF,,,,,,,,,
2017,Reverend Payne,Rob,Jermaine Kearse,WR,NYJ,,,,,,,,,
2017,LSC Stud Muffins,Dylan,Ezekiel Elliott,RB,DAL,,,,,,,,,
2017,Team Foote Longs,Wes,Jameis Winston,QB,TB,,,,,,,,,
2017,Seabass and the Fellas,Geoff,Drew Brees,QB,NO,,,,,,,,,
2017,Nothing to see Here,Ken,Jeremy Maclin,WR,BAL,,,,,,,,,
2017,Eat The Sandwich,Spencer,James White,RB,NE,,,,,,,,,
2017,The J.O.B. Squad,Tom,Corey Davis,WR,TEN,,,,,,,,,
2017,Gotham City Rogues,Dan,DeVante Parker,WR,MIA,,,,,,,,,
2017,Pray For Johnny Man-Zeer,Gavin,Frank Gore,RB,MIA,,,,,,,,,
2017,Thanks.,TSizz,Javorius Allen,RB,BAL,,,,,,,,,
2017,Captain Kirk's Enterprise,James,Austin Seferian-Jenkins,TE,JAX,,,,,,,,,
2017,Abdullah OBKongata,Spear,Ameer Adbullah,RB,DET,,,,,,,,,
2017,Reverend Payne,Rob,Alfred Morris,RB,DAL,,,,,,,,,
2017,LSC Stud Muffins,Dylan,Wendell Smallwood,RB,PHI,,,,,,,,,
2017,Team Foote Longs,Wes,Danny Woodhead,RB,BAL,,,,,,,,,
2017,Seabass and the Fellas,Geoff,Bilal Powell,RB,NYJ,,,,,,,,,
2017,Nothing to see Here,Ken,DeSean Jackson,WR,TB,,,,,,,,,
2017,Eat The Sandwich,Spencer,Alex Smith,QB,WAS,,,,,,,,,
2017,The J.O.B. Squad,Tom,Philip Rivers,QB,LAC,,,,,,,,,
2017,Gotham City Rogues,Dan,Derek Carr,QB,LV,,,,,,,,,
2017,Pray For Johnny Man-Zeer,Gavin,Kyle Rusolph,TE,MIN,,,,,,,,,
2017,Thanks.,TSizz,JJ Nelson,WR,ARI,,,,,,,,,
2017,Captain Kirk's Enterprise,James,Carson Wentz,QB,PHI,,,,,,,,,
2017,Abdullah OBKongata,Spear,Aaron Rodgers,QB,GB,,,,,,,,,
2017,Reverend Payne,Rob,Tyrod Taylor,QB,CLE,,,,,,,,,
2017,LSC Stud Muffins,Dylan,Samaje Perine,RB,WAS,,,,,,,,,
2017,Team Foote Longs,Wes,Mike Gillislee,RB,NE,,,,,,,,,
2017,Seabass and the Fellas,Geoff,Chris Hogan,WR,NE,,,,,,,,,
2017,Nothing to see Here,Ken,Orleans Darkwa,RB,NYG,,,,,,,,,
2017,Eat The Sandwich,Spencer,Paul Richardson,WR,WAS,,,,,,,,,
2017,The J.O.B. Squad,Tom,Will Fuller V,WR,HOU,,,,,,,,,
2017,Gotham City Rogues,Dan,Josh Doctson,WR,WAS,,,,,,,,,
2017,Pray For Johnny Man-Zeer,Gavin,Tyrell Williams,WR,LAC,,,,,,,,,
2017,Thanks.,TSizz,Allen Hurns,WR,DAL,,,,,,,,,
2017,Captain Kirk's Enterprise,James,Emmanuel Sanders,WR,DEN,,,,,,,,,
2017,Abdullah OBKongata,Spear,Marqise Lee,WR,JAX,,,,,,,,,
2017,Reverend Payne,Rob,Jimmy Garoppolo,QB,SF,,,,,,,,,
2017,LSC Stud Muffins,Dylan,Eli Manning,QB,NYG,,,,,,,,,
2017,Team Foote Longs,Wes,Dak Prescott,QB,DAL,,,,,,,,,
2017,Seabass and the Fellas,Geoff,Matt Forte,RB,NYJ,,,,,,,,,
2017,Nothing to see Here,Ken,Vernon Davis,TE,WAS,,,,,,,,,
2017,Eat The Sandwich,Spencer,Tyler Kroft,TE,CIN,,,,,,,,,
2017,The J.O.B. Squad,Tom,Jamaal Williams,RB,GB,,,,,,,,,
2017,Gotham City Rogues,Dan,Damien Williams,RB,KC,,,,,,,,,
2017,Pray For Johnny Man-Zeer,Gavin,JD McKissic,RB,SEA,,,,,,,,,
2017,Thanks.,TSizz,LeGarrette BKount,RB,DET,,,,,,,,,
2017,Captain Kirk's Enterprise,James,Aaron Jones,RB,GB,,,,,,,,,
2017,Abdullah OBKongata,Spear,Travis Benjamin,WR,LAC,,,,,,,,,
2017,Reverend Payne,Rob,Marcus Mariota,QB,TEN,,,,,,,,,
2017,LSC Stud Muffins,Dylan,Torrey Smith,WR,CAR,,,,,,,,,
2017,Team Foote Longs,Wes,Ted Ginn Jr.,WR,NO,,,,,,,,,
2017,Seabass and the Fellas,Geoff,Ed Dickson,TE,SEA,,,,,,,,,
2017,Nothing to see Here,Ken,Rex Burkhead,RB,NE,,,,,,,,,
2017,Eat The Sandwich,Spencer,Dalvin Cook,RB,MIN,,,,,,,,,
2017,The J.O.B. Squad,Tom,Steelers D/ST,DEF,PIT,,,,,,,,,
2017,Gotham City Rogues,Dan,Ravens D/ST,DEF,BAL,,,,,,,,,
2017,Pray For Johnny Man-Zeer,Gavin,TJ Yeldon,RB,JAX,,,,,,,,,
2017,Thanks.,TSizz,Amari Cooper,WR,LV,,,,,,,,,
2017,Captain Kirk's Enterprise,James,Tarik Cohen,RB,DAL,,,,,,,,,
2017,Abdullah OBKongata,Spear,Dontrelle Inman,WR,DAL,,,,,,,,,
2017,Reverend Payne,Rob,Kerwynn Williams,RB,ARI,,,,,,,,,
2017,LSC Stud Muffins,Dylan,Marquise Goodwin,WR,SF,,,,,,,,,
2017,Team Foote Longs,Wes,Austin Hooper,TE,ATL,,,,,,,,,
2017,Seabass and the Fellas,Geoff,Eddie Lacy,RB,SEA,,,,,,,,,
2017,The J.O.B. Squad,Tom,Deshaun Watson,QB,HOU,,,,,,,,,
2017,Pray For Johnny Man-Zeer,Gavin,Chris Carson,RB,SEA,,,,,,,,,
2017,Captain Kirk's Enterprise,James,Odell Beckham Jr.,WR,NYG,,,,,,,,,
2017,Reverend Payne,Rob,David Johnson,RB,ARI,,,,,,,,,
2018,Ez Win 4U,Ken,Russell Wilson,QB,SEA,,,,,,,,,
2018,Eat The Sandwich,Spencer,Cam Newton,QB,CAR,,,,,,,,,
2018,Trust The Process,Tom,Dak Prescott,QB,DAL,,,,,,,,,
2018,Gotham City Rogues,Dan,Deshaun Watson,QB,HOU,,,,,,,,,
2018,The Comeback of Johnny Man-Zeer,Gavin,Andrew Luck,QB,IND,,,,,,,,,
2018,Spock's 1995 Toyota Camry,TSizz,Jared Goff,QB,LAR,,,,,,,,,
2018,Team To Be Named Later,James,Patrick Mahomes,QB,KC,,,,,,,,,
2018,SanchezIs MyKeeper,Spear,Baker Mayfield,QB,CLE,,,,,,,,,
2018,Reverend Payne,Rob,Ben Roethlisberger,QB,PIT,,,,,,,,,
2018,LSC Stud Muffins,Dylan,Matt Ryan,QB,ATL,,,,,,,,,
2018,Team Foote Longs,Wes,Philip Rivers,QB,LAC,,,,,,,,,
2018,Seabass and the Fellas,Geoff,Tom Brady,QB,NE,,,,,,,,,
2018,Ez Win 4U,Ken,Dion Lewis,RB,TEN,,,,,,,,,
2018,Eat The Sandwich,Spencer,Dalvin Cook,RB,MIN,,,,,,,,,
2018,Trust The Process,Tom,Leonard Fournette,RB,JAX,,,,,,,,,
2018,Gotham City Rogues,Dan,Sony Michel,RB,NE,,,,,,,,,
2018,The Comeback of Johnny Man-Zeer,Gavin,Mark Ingram II,RB,NO,,,,,,,,,
2018,Spock's 1995 Toyota Camry,TSizz,Christian McCaffrey,RB,CAR,,,,,,,,,
2018,Team To Be Named Later,James,Chis Carson,RB,SEA,,,,,,,,,
2018,SanchezIs MyKeeper,Spear,Melvin Gordon,RB,LAC,,,,,,,,,
2018,Reverend Payne,Rob,David Johnson,RB,ARI,,,,,,,,,
2018,LSC Stud Muffins,Dylan,Exekiel Elliott,RB,DAL,,,,,,,,,
2018,Team Foote Longs,Wes,Jordan Howard,RB,DAL,,,,,,,,,
2018,Seabass and the Fellas,Geoff,Alvin Kamara,RB,NO,,,,,,,,,
2018,Ez Win 4U,Ken,Austin Ekeler,RB,LAC,,,,,,,,,
2018,Eat The Sandwich,Spencer,Theo Riddick,RB,DET,,,,,,,,,
2018,Trust The Process,Tom,Saquon Barkley,RB,NYG,,,,,,,,,
2018,Gotham City Rogues,Dan,Nick Cubb,RB,CLE,,,,,,,,,
2018,The Comeback of Johnny Man-Zeer,Gavin,Damien Williams,RB,KC,,,,,,,,,
2018,Spock's 1995 Toyota Camry,TSizz,Tarik Cohen,RB,DAL,,,,,,,,,
2018,Team To Be Named Later,James,Jamaal Williams,RB,GB,,,,,,,,,
2018,SanchezIs MyKeeper,Spear,Phillip Lindsay,RB,DEN,,,,,,,,,
2018,Reverend Payne,Rob,Tevin Coleman,RB,ATL,,,,,,,,,
2018,LSC Stud Muffins,Dylan,Frank Gore,RB,MIA,,,,,,,,,
2018,Team Foote Longs,Wes,Peyton Barber,RB,TB,,,,,,,,,
2018,Seabass and the Fellas,Geoff,Jalen Richard,RB,LV,,,,,,,,,
2018,Ez Win 4U,Ken,Marlon Mack,RB,IND,,,,,,,,,
2018,Eat The Sandwich,Spencer,Golden Tate,WR,PHI,,,,,,,,,
2018,Trust The Process,Tom,Matt Breida,RB,SF,,,,,,,,,
2018,Gotham City Rogues,Dan,Joe Mixon,RB,CIN,,,,,,,,,
2018,The Comeback of Johnny Man-Zeer,Gavin,Chris Hogan,WR,NE,,,,,,,,,
2018,Spock's 1995 Toyota Camry,TSizz,James White,RB,NE,,,,,,,,,
2018,Team To Be Named Later,James,Elijah McGuire,RB,NYJ,,,,,,,,,
2018,SanchezIs MyKeeper,Spear,DaeSean Hamilton,WR,DEN,,,,,,,,,
2018,Reverend Payne,Rob,Mike Evans,WR,TB,,,,,,,,,
2018,LSC Stud Muffins,Dylan,Donte Moncrief,WR,JAX,,,,,,,,,
2018,Team Foote Longs,Wes,Tyrell Williams,WR,LAC,,,,,,,,,
2018,Seabass and the Fellas,Geoff,Julio Jones,WR,ATL,,,,,,,,,
2018,Ez Win 4U,Ken,Adam Thielen,WR,MIN,,,,,,,,,
2018,Eat The Sandwich,Spencer,Dede Westbrook,WR,JAX,,,,,,,,,
2018,Trust The Process,Tom,Brandin Cooks,WR,LAR,,,,,,,,,
2018,Gotham City Rogues,Dan,Keenan Allen,WR,LAC,,,,,,,,,
2018,The Comeback of Johnny Man-Zeer,Gavin,Antonio Brown,WR,PIT,,,,,,,,,
2018,Spock's 1995 Toyota Camry,TSizz,Amari Cooper,WR,DAL,,,,,,,,,
2018,Team To Be Named Later,James,Michael Thomas,WR,NO,,,,,,,,,
2018,SanchezIs MyKeeper,Spear,Calvin Ridley,WR,ATL,,,,,,,,,
2018,Reverend Payne,Rob,TY Hilton,WR,IND,,,,,,,,,
2018,LSC Stud Muffins,Dylan,Allen Robinson,WR,DAL,,,,,,,,,
2018,Team Foote Longs,Wes,Robby Anderson,WR,NYJ,,,,,,,,,
2018,Seabass and the Fellas,Geoff,Alshon Jeffery,WR,PHI,,,,,,,,,
2018,Ez Win 4U,Ken,Corey Davis,WR,TEN,,,,,,,,,
2018,Eat The Sandwich,Spencer,Zay Jones,WR,BUF,,,,,,,,,
2018,Trust The Process,Tom,Tre'Quan Smith,WR,NO,,,,,,,,,
2018,Gotham City Rogues,Dan,Jarvis Landry,WR,CLE,,,,,,,,,
2018,The Comeback of Johnny Man-Zeer,Gavin,DeAndre Hopkins,WR,HOU,,,,,,,,,
2018,Spock's 1995 Toyota Camry,TSizz,Chris Godwin,WR,TB,,,,,,,,,
2018,Team To Be Named Later,James,Doug Baldwin,WR,SEA,,,,,,,,,
2018,SanchezIs MyKeeper,Spear,Jamison Crowder,WR,WAS,,,,,,,,,
2018,Reverend Payne,Rob,Stefon Diggs,WR,BUF,,,,,,,,,
2018,LSC Stud Muffins,Dylan,Cole Beasley,WR,DAL,,,,,,,,,
2018,Team Foote Longs,Wes,Mike Williams,WR,LAC,,,,,,,,,
2018,Seabass and the Fellas,Geoff,DeSean Jackson,WR,TB,,,,,,,,,
2018,Ez Win 4U,Ken,Eric Ebron,TE,IND,,,,,,,,,
2018,Eat The Sandwich,Spencer,Evan Engram,TE,NYG,,,,,,,,,
2018,Trust The Process,Tom,Dante Pettis,WR,SF,,,,,,,,,
2018,Gotham City Rogues,Dan,Rob Gronkowski,TE,NE,,,,,,,,,
2018,The Comeback of Johnny Man-Zeer,Gavin,Tyler Lockett,WR,SEA,,,,,,,,,
2018,Spock's 1995 Toyota Camry,TSizz,Tyreek Hill,WR,KC,,,,,,,,,
2018,Team To Be Named Later,James,Devante Adams,WR,GB,,,,,,,,,
2018,SanchezIs MyKeeper,Spear,Julian Edelman,WR,NE,,,,,,,,,
2018,Reverend Payne,Rob,Robert Woods,WR,LAR,,,,,,,,,
2018,LSC Stud Muffins,Dylan,Jermaine Kearse,WR,NYJ,,,,,,,,,
2018,Team Foote Longs,Wes,Mohamed Sanu,WR,ATL,,,,,,,,,
2018,Seabass and the Fellas,Geoff,Kelvin Benjamin,WR,KC,,,,,,,,,
2018,Ez Win 4U,Ken,David Njoku,TE,CLE,,,,,,,,,
2018,Eat The Sandwich,Spencer,Trey Burton,TE,DAL,,,,,,,,,
2018,Trust The Process,Tom,Chris Herndon,TE,NYJ,,,,,,,,,
2018,Gotham City Rogues,Dan,Jared Cook,TE,LV,,,,,,,,,
2018,The Comeback of Johnny Man-Zeer,Gavin,Zach Ertz,TE,PHI,,,,,,,,,
2018,Spock's 1995 Toyota Camry,TSizz,CJ Uzomah,TE,CIN,,,,,,,,,
2018,Team To Be Named Later,James,Camerno Brate,TE,TB,,,,,,,,,
2018,SanchezIs MyKeeper,Spear,George Kittle,TE,SF,,,,,,,,,
2018,Reverend Payne,Rob,Vance McDonald,TE,PIT,,,,,,,,,
2018,LSC Stud Muffins,Dylan,Austin Hooper,TE,ATL,,,,,,,,,
2018,Team Foote Longs,Wes,Kyle Rudolph,TE,MIN,,,,,,,,,
2018,Seabass and the Fellas,Geoff,Travis Kelce,TE,KC,,,,,,,,,
2018,Ez Win 4U,Ken,Titans D/ST,DEF,TEN,,,,,,,,,
2018,Eat The Sandwich,Spencer,Vikings D/ST,DEF,MIN,,,,,,,,,
2018,Trust The Process,Tom,Texans D/ST,DEF,HOU,,,,,,,,,
2018,Gotham City Rogues,Dan,Bears D/ST,DEF,CHI,,,,,,,,,
2018,The Comeback of Johnny Man-Zeer,Gavin,Broncos D/ST,DEF,DEN,,,,,,,,,
2018,Spock's 1995 Toyota Camry,TSizz,Rams D/ST,DEF,LAR,,,,,,,,,
2018,Team To Be Named Later,James,Patriots D/ST,DEF,NE,,,,,,,,,
2018,SanchezIs MyKeeper,Spear,Falcons D/ST,DEF,ATL,,,,,,,,,
2018,Reverend Payne,Rob,Lions D/ST,DEF,DET,,,,,,,,,
2018,LSC Stud Muffins,Dylan,Panthers D/ST,DEF,CAR,,,,,,,,,
2018,Team Foote Longs,Wes,Chargers D/ST,DEF,LAC,,,,,,,,,
2018,Seabass and the Fellas,Geoff,Redskins D/ST,DEF,WAS,,,,,,,,,
2018,Ez Win 4U,Ken,Greg Zuerlein,K,LAR,,,,,,,,,
2018,Eat The Sandwich,Spencer,Dan Bailey,K,MIN,,,,,,,,,
2018,Trust The Process,Tom,Harrison Butker,K,KC,,,,,,,,,
2018,Gotham City Rogues,Dan,Stephen Gostkowski,K,NE,,,,,,,,,
2018,The Comeback of Johnny Man-Zeer,Gavin,Jason Myers,K,NYJ,,,,,,,,,
2018,Spock's 1995 Toyota Camry,TSizz,Matt Prater,K,DET,,,,,,,,,
2018,Team To Be Named Later,James,Aldrick Rosas,K,NYG,,,,,,,,,
2018,SanchezIs MyKeeper,Spear,Dustin Hopkins,K,WAS,,,,,,,,,
2018,Reverend Payne,Rob,Wil Lutz,K,NO,,,,,,,,,
2018,LSC Stud Muffins,Dylan,Justin Tucker,K,BAL,,,,,,,,,
2018,Team Foote Longs,Wes,Ka'imi Fairbairn,K,HOU,,,,,,,,,
2018,Seabass and the Fellas,Geoff,Graham Gano,K,CAR,,,,,,,,,
2018,Ez Win 4U,Ken,Larry Fitgerald,WR,ARI,,,,,,,,,
2018,Eat The Sandwich,Spencer,Juju Smith-Schuster,WR,PIT,,,,,,,,,
2018,Trust The Process,Tom,Todd Gurley II,RB,LAR,,,,,,,,,
2018,Gotham City Rogues,Dan,Kenny Golladay,WR,DET,,,,,,,,,
2018,The Comeback of Johnny Man-Zeer,Gavin,Kenyan Drake,RB,MIA,,,,,,,,,
2018,Spock's 1995 Toyota Camry,TSizz,Sammy Watkins,WR,KC,,,,,,,,,
2018,Team To Be Named Later,James,Odell Beckham Jr,WR,NYG,,,,,,,,,
2018,SanchezIs MyKeeper,Spear,Aaron Rodgers,QB,GB,,,,,,,,,
2018,Reverend Payne,Rob,Carlos Hyde,RB,JAX,,,,,,,,,
2018,LSC Stud Muffins,Dylan,Jimmy Graham,TE,GB,,,,,,,,,
2018,Team Foote Longs,Wes,Lamar Miller,RB,HOU,,,,,,,,,
2018,Seabass and the Fellas,Geoff,Josh Doctson,WR,WAS,,,,,,,,,
2018,Ez Win 4U,Ken,LeSean McCoy,RB,BUF,,,,,,,,,
2018,Eat The Sandwich,Spencer,Kenny Stills,WR,MIA,,,,,,,,,
2018,Trust The Process,Tom,TJ Yeldon,RB,JAX,,,,,,,,,
2018,Gotham City Rogues,Dan,James Conner,RB,PIT,,,,,,,,,
2018,The Comeback of Johnny Man-Zeer,Gavin,Ravens D/ST,DEF,BAL,,,,,,,,,
2018,Spock's 1995 Toyota Camry,TSizz,Kirk Cousins,QB,MIN,,,,,,,,,
2018,Team To Be Named Later,James,Doug Martin,RB,LV,,,,,,,,,
2018,SanchezIs MyKeeper,Spear,Adrian Peterson,RB,WAS,,,,,,,,,
2018,Reverend Payne,Rob,Kerryon Johnson,RB,DET,,,,,,,,,
2018,LSC Stud Muffins,Dylan,Jordy Nelson,WR,LV,,,,,,,,,
2018,Team Foote Longs,Wes,Kareem Hunt,RB,KC,,,,,,,,,
2018,Seabass and the Fellas,Geoff,Pierre Garcon,WR,SF,,,,,,,,,
2018,Ez Win 4U,Ken,Jordan Reed,TE,WAS,,,,,,,,,
2018,Eat The Sandwich,Spencer,Latavius Murray,RB,MIN,,,,,,,,,
2018,Trust The Process,Tom,Gus Edwards,RB,BAL,,,,,,,,,
2018,Gotham City Rogues,Dan,Josh Reynolds,WR,LAR,,,,,,,,,
2018,The Comeback of Johnny Man-Zeer,Gavin,Josh Adams,RB,PHI,,,,,,,,,
2018,Spock's 1995 Toyota Camry,TSizz,Danny Ammendola,WR,MIA,,,,,,,,,
2018,Team To Be Named Later,James,Justin Jackson,RB,LAC,,,,,,,,,
2018,SanchezIs MyKeeper,Spear,Chris Thompson,RB,WAS,,,,,,,,,
2018,Reverend Payne,Rob,Marquise Goodwin,WR,SF,,,,,,,,,
2018,LSC Stud Muffins,Dylan,Willie Snead IV,WR,BAL,,,,,,,,,
2018,Team Foote Longs,Wes,Josh Gordon,WR,NE,,,,,,,,,
2018,Seabass and the Fellas,Geoff,Michael Crabtree,WR,BAL,,,,,,,,,
2018,Ez Win 4U,Ken,Jaguars D/ST,DEF,JAX,,,,,,,,,
2018,Eat The Sandwich,Spencer,Cooper Kupp,WR,LAR,,,,,,,,,
2018,Trust The Process,Tom,Spencer Ware,RB,KC,,,,,,,,,
2018,Gotham City Rogues,Dan,Jameis Winston,QB,TB,,,,,,,,,
2018,The Comeback of Johnny Man-Zeer,Gavin,Randall Cobb,WR,GB,,,,,,,,,
2018,Spock's 1995 Toyota Camry,TSizz,Derrick Henry,RB,TEN,,,,,,,,,
2018,Team To Be Named Later,James,Curtis Samuel,WR,CAR,,,,,,,,,
2018,SanchezIs MyKeeper,Spear,DJ Moore,WR,CAR,,,,,,,,,
2018,Reverend Payne,Rob,Adam Humphries,WR,TB,,,,,,,,,
2018,LSC Stud Muffins,Dylan,Giovani Bernard,RB,CIN,,,,,,,,,
2018,Team Foote Longs,Wes,Mike Davis,RB,SEA,,,,,,,,,
2018,Seabass and the Fellas,Geoff,Paul Richardson,WR,WAS,,,,,,,,,
2018,Ez Win 4U,Ken,Courtland Sutton,WR,DEN,,,,,,,,,
2018,Eat The Sandwich,Spencer,Jerrick McKinnon,RB,SF,,,,,,,,,
2018,Trust The Process,Tom,Jaylen Samuels,RB,PIT,,,,,,,,,
2018,Gotham City Rogues,Dan,Drew Brees,QB,NO,,,,,,,,,
2018,The Comeback of Johnny Man-Zeer,Gavin,Kalen Ballage,RB,MIA,,,,,,,,,
2018,Spock's 1995 Toyota Camry,TSizz,Taylor Gabriel,WR,DAL,,,,,,,,,
2018,Team To Be Named Later,James,Ian Thomas,TE,CAR,,,,,,,,,
2018,SanchezIs MyKeeper,Spear,Demaryius Thomas,WR,HOU,,,,,,,,,
2018,Reverend Payne,Rob,Nick Vannett,TE,SEA,,,,,,,,,
2018,LSC Stud Muffins,Dylan,Mitchell Trubisky,QB,DAL,,,,,,,,,
2018,Team Foote Longs,Wes,Benjamin Watson,TE,NO,,,,,,,,,
2018,Seabass and the Fellas,Geoff,Michael Gallup,WR,DAL,,,,,,,,,
2018,Ez Win 4U,Ken,Adam Vinatieri,K,IND,,,,,,,,,
2018,Eat The Sandwich,Spencer,Derrius Guice,RB,WAS,,,,,,,,,
2018,Trust The Process,Tom,Bruce Ellington,WR,DET,,,,,,,,,
2018,Gotham City Rogues,Dan,Jeff Wilson Jr.,RB,SF,,,,,,,,,
2018,The Comeback of Johnny Man-Zeer,Gavin,Tyler Boyd,WR,CIN,,,,,,,,,
2018,Spock's 1995 Toyota Camry,TSizz,Cowboys D/ST,DEF,DAL,,,,,,,,,
2018,Team To Be Named Later,James,Nyheim Hines,RB,IND,,,,,,,,,
2018,SanchezIs MyKeeper,Spear,Sterling Shepard,WR,NYG,,,,,,,,,
2018,Reverend Payne,Rob,Bills D/ST,DEF,BUF,,,,,,,,,
2018,LSC Stud Muffins,Dylan,Ryan Succop,K,TEN,,,,,,,,,
2018,Team Foote Longs,Wes,David Moore,WR,SEA,,,,,,,,,
2018,Seabass and the Fellas,Geoff,Alfred BKue,RB,HOU,,,,,,,,,
2018,Eat The Sandwich,Spencer,Devonta Freeman,RB,ATL,,,,,,,,,
2018,Trust The Process,Tom,Carson Wentz,QB,PHI,,,,,,,,,
2018,The Comeback of Johnny Man-Zeer,Gavin,Emmanuel Sanders,WR,DEN,,,,,,,,,
2018,Team To Be Named Later,James,Aaron Jones,RB,GB,,,,,,,,,
2018,SanchezIs MyKeeper,Spear,AJ Greem,WR,CIN,,,,,,,,,
2018,LSC Stud Muffins,Dylan,Le'Veon Bell,RB,PIT,,,,,,,,,
2018,Team Foote Longs,Wes,Albert Wilson,WR,MIA,,,,,,,,,
2018,Seabass and the Fellas,Geoff,Rex Burkhead,RB,NE,,,,,,,,,
2019,SCOTTS TOTS,Ken,Aaron Rodgers,QB,GB,,,,,,,,,
2019,Eat The Sandwich,Spencer,Russell Wilson,QB,SEA,,,,,,,,,
2019,Trust The Process,Tom,Lamar Jackson,QB,BAL,,,,,,,,,
2019,Gotham City Rogues,Dan,Derek Carr,QB,LV,,,,,,,,,
2019,The Comeback of Johnny Man-Zeer,Gavin,Drew Brees,QB,NO,,,,,,,,,
2019,Subverted Expectations,TSizz,Kyler Murray,QB,ARI,,,,,,,,,
2019,John Loves Dogs,James,Carson Wentz,QB,PHI,,,,,,,,,
2019,Clutch Gene,Spear,Deshaun Watson,QB,HOU,,,,,,,,,
2019,Reverend Payne,Rob,Ryan Tannehill,QB,TEN,,,,,,,,,
2019,LSC Stud Muffins,Dylan,Jacob Brissett,QB,IND,,,,,,,,,
2019,Victim Complexes,Wes,Jimmy Garoppolo,QB,SF,,,,,,,,,
2019,Seabass and the Fellas,Geoff,Matt Ryan,QB,ATL,,,,,,,,,
2019,SCOTTS TOTS,Ken,Kenyan Drake,RB,ARI,,,,,,,,,
2019,Eat The Sandwich,Spencer,Kareem Hunt,RB,CLE,,,,,,,,,
2019,Trust The Process,Tom,Todd Gurley II,RB,LAR,,,,,,,,,
2019,Gotham City Rogues,Dan,James Conner,RB,PIT,,,,,,,,,
2019,The Comeback of Johnny Man-Zeer,Gavin,Derrick Henry,RB,TEN,,,,,,,,,
2019,Subverted Expectations,TSizz,Christian McCaffrey,RB,CAR,,,,,,,,,
2019,John Loves Dogs,James,Aaron Jones,RB,GB,,,,,,,,,
2019,Clutch Gene,Spear,Miles Sanders,RB,PHI,,,,,,,,,
2019,Reverend Payne,Rob,Chris Carson,RB,SEA,,,,,,,,,
2019,LSC Stud Muffins,Dylan,Le'Veon Bell,RB,NYJ,,,,,,,,,
2019,Victim Complexes,Wes,Nick Chubb,RB,CLE,,,,,,,,,
2019,Seabass and the Fellas,Geoff,Alvin Kamara,RB,NO,,,,,,,,,
2019,SCOTTS TOTS,Ken,Ronald Jones II,RB,TB,,,,,,,,,
2019,Eat The Sandwich,Spencer,Ezekiel Elliott,RB,DAL,,,,,,,,,
2019,Trust The Process,Tom,Saquon Barkley,RB,NYG,,,,,,,,,
2019,Gotham City Rogues,Dan,Joe Mixon,RB,CIN,,,,,,,,,
2019,The Comeback of Johnny Man-Zeer,Gavin,Mark Ingram II,RB,BAL,,,,,,,,,
2019,Subverted Expectations,TSizz,Sony Michel,RB,NE,,,,,,,,,
2019,John Loves Dogs,James,Devonta Freeman,RB,ATL,,,,,,,,,
2019,Clutch Gene,Spear,Patrick Laird,RB,MIA,,,,,,,,,
2019,Reverend Payne,Rob,Leonard Fournette,RB,JAX,,,,,,,,,
2019,LSC Stud Muffins,Dylan,Phillip Lindsay,RB,DEN,,,,,,,,,
2019,Victim Complexes,Wes,Austin Ekeler,RB,LAC,,,,,,,,,
2019,Seabass and the Fellas,Geoff,Melvin Gordon,RB,LAC,,,,,,,,,
2019,SCOTTS TOTS,Ken,Anthony Miller,WR,DAL,,,,,,,,,
2019,Eat The Sandwich,Spencer,Marshawn Lynch,RB,SEA,,,,,,,,,
2019,Trust The Process,Tom,Will Fuller V,WR,HOU,,,,,,,,,
2019,Gotham City Rogues,Dan,Christian Kirk,WR,ARI,,,,,,,,,
2019,The Comeback of Johnny Man-Zeer,Gavin,DJ Moore,WR,CAR,,,,,,,,,
2019,Subverted Expectations,TSizz,Mike Williams,WR,LAC,,,,,,,,,
2019,John Loves Dogs,James,Marlon Mack,RB,IND,,,,,,,,,
2019,Clutch Gene,Spear,Curtis Samuel,WR,CAR,,,,,,,,,
2019,Reverend Payne,Rob,James White,RB,NE,,,,,,,,,
2019,LSC Stud Muffins,Dylan,Nyheim Hines,RB,IND,,,,,,,,,
2019,Victim Complexes,Wes,Devin Singletary,RB,BUF,,,,,,,,,
2019,Seabass and the Fellas,Geoff,Keenan Allen,WR,LAC,,,,,,,,,
2019,SCOTTS TOTS,Ken,Adam Thielen,WR,MIN,,,,,,,,,
2019,Eat The Sandwich,Spencer,Cooper Kupp,WR,LAR,,,,,,,,,
2019,Trust The Process,Tom,Amari Cooper,WR,DAL,,,,,,,,,
2019,Gotham City Rogues,Dan,Stefon Diggs,WR,MIN,,,,,,,,,
2019,The Comeback of Johnny Man-Zeer,Gavin,Allen Robinson,WR,DAL,,,,,,,,,
2019,Subverted Expectations,TSizz,Tyreek Hill,WR,KC,,,,,,,,,
2019,John Loves Dogs,James,Davante Adams,WR,GB,,,,,,,,,
2019,Clutch Gene,Spear,Tyler Lockett,WR,SEA,,,,,,,,,
2019,Reverend Payne,Rob,Courtland Sutton,WR,DEN,,,,,,,,,
2019,LSC Stud Muffins,Dylan,Danny Ammendola,WR,DET,,,,,,,,,
2019,Victim Complexes,Wes,Michael Thomas,WR,NO,,,,,,,,,
2019,Seabass and the Fellas,Geoff,Sammy Watkins,WR,KC,,,,,,,,,
2019,SCOTTS TOTS,Ken,DJ Chark Jr.,WR,JAX,,,,,,,,,
2019,Eat The Sandwich,Spencer,Breshad Perriman,WR,TB,,,,,,,,,
2019,Trust The Process,Tom,Kenny Golladay,WR,DET,,,,,,,,,
2019,Gotham City Rogues,Dan,Tyler Boyd,WR,CIN,,,,,,,,,
2019,The Comeback of Johnny Man-Zeer,Gavin,Cole Beasley,WR,BUF,,,,,,,,,
2019,Subverted Expectations,TSizz,Kenny Stills,WR,HOU,,,,,,,,,
2019,John Loves Dogs,James,Odell Beckham Jr.,WR,CLE,,,,,,,,,
2019,Clutch Gene,Spear,Deebo Samuel,WR,SF,,,,,,,,,
2019,Reverend Payne,Rob,Terry McLaurin,WR,WAS,,,,,,,,,
2019,LSC Stud Muffins,Dylan,Michael Gallup,WR,DAL,,,,,,,,,
2019,Victim Complexes,Wes,Jamison Crowder,WR,NYJ,,,,,,,,,
2019,Seabass and the Fellas,Geoff,Hollywood Brown,WR,BAL,,,,,,,,,
2019,SCOTTS TOTS,Ken,James Washington,WR,PIT,,,,,,,,,
2019,Eat The Sandwich,Spencer,Golden Tate,WR,NYG,,,,,,,,,
2019,Trust The Process,Tom,DK Metcalf,WR,SEA,,,,,,,,,
2019,Gotham City Rogues,Dan,DeVante Parker,WR,MIA,,,,,,,,,
2019,The Comeback of Johnny Man-Zeer,Gavin,DeAndre Hopkins,WR,HOU,,,,,,,,,
2019,Subverted Expectations,TSizz,Jarvis Landry,WR,CLE,,,,,,,,,
2019,John Loves Dogs,James,Sterling Shepard,WR,NYG,,,,,,,,,
2019,Clutch Gene,Spear,Julian Edelman,WR,NE,,,,,,,,,
2019,Reverend Payne,Rob,Robert Woods,WR,LAR,,,,,,,,,
2019,LSC Stud Muffins,Dylan,Julio Jones,WR,ATL,,,,,,,,,
2019,Victim Complexes,Wes,Zach Pascal,WR,IND,,,,,,,,,
2019,Seabass and the Fellas,Geoff,Marvin Jones,WR,DET,,,,,,,,,
2019,SCOTTS TOTS,Ken,Tyler Higbee,TE,LAR,,,,,,,,,
2019,Eat The Sandwich,Spencer,Dallas Goedert,TE,PHI,,,,,,,,,
2019,Trust The Process,Tom,OJ Howard,TE,TB,,,,,,,,,
2019,Gotham City Rogues,Dan,Jared Cook,TE,NO,,,,,,,,,
2019,The Comeback of Johnny Man-Zeer,Gavin,Zach Ertz,TE,PHI,,,,,,,,,
2019,Subverted Expectations,TSizz,Jack Doyle,TE,IND,,,,,,,,,
2019,John Loves Dogs,James,Darren Waller,TE,LV,,,,,,,,,
2019,Clutch Gene,Spear,George Kittle,TE,SF,,,,,,,,,
2019,Reverend Payne,Rob,Hunter Henry,TE,LAC,,,,,,,,,
2019,LSC Stud Muffins,Dylan,Jonnu Smith,TE,TEN,,,,,,,,,
2019,Victim Complexes,Wes,Mark Andrews,TE,BAL,,,,,,,,,
2019,Seabass and the Fellas,Geoff,Jason Witten,TE,DAL,,,,,,,,,
2019,SCOTTS TOTS,Ken,Bills D/ST,DEF,BUF,,,,,,,,,
2019,Eat The Sandwich,Spencer,Chiefs D/ST,DEF,KC,,,,,,,,,
2019,Trust The Process,Tom,Steelers D/ST,DEF,PIT,,,,,,,,,
2019,Gotham City Rogues,Dan,Patriots D/ST,DEF,NE,,,,,,,,,
2019,The Comeback of Johnny Man-Zeer,Gavin,Jaguars D/ST,DEF,JAX,,,,,,,,,
2019,Subverted Expectations,TSizz,Bears D/ST,DEF,CHI,,,,,,,,,
2019,John Loves Dogs,James,Ravens D/ST,DEF,BAL,,,,,,,,,
2019,Clutch Gene,Spear,Washington D/ST,DEF,WAS,,,,,,,,,
2019,Reverend Payne,Rob,49ers D/ST,DEF,SF,,,,,,,,,
2019,LSC Stud Muffins,Dylan,Seahawks D/ST,DEF,SEA,,,,,,,,,
2019,Victim Complexes,Wes,Broncos D/ST,DEF,DEN,,,,,,,,,
2019,Seabass and the Fellas,Geoff,Browns D/ST,DEF,CLE,,,,,,,,,
2019,SCOTTS TOTS,Ken,Josh Lambo,K,JAX,,,,,,,,,
2019,Eat The Sandwich,Spencer,Younghoe Koo,K,ATL,,,,,,,,,
2019,Trust The Process,Tom,Michael Badgley,K,LAC,,,,,,,,,
2019,Gotham City Rogues,Dan,Wil Lutz,K,NO,,,,,,,,,
2019,The Comeback of Johnny Man-Zeer,Gavin,Chris Boswell,K,PIT,,,,,,,,,
2019,Subverted Expectations,TSizz,Greg Zuerlein,K,LAR,,,,,,,,,
2019,John Loves Dogs,James,Harrison Butker,K,KC,,,,,,,,,
2019,Clutch Gene,Spear,Dan Bailey,K,MIN,,,,,,,,,
2019,Reverend Payne,Rob,Joey Slye,K,CAR,,,,,,,,,
2019,LSC Stud Muffins,Dylan,Justin Tucker,K,BAL,,,,,,,,,
2019,Victim Complexes,Wes,Jake Elliott,K,PHI,,,,,,,,,
2019,Seabass and the Fellas,Geoff,Matt Gay,K,TB,,,,,,,,,
2019,SCOTTS TOTS,Ken,David Johnson,RB,ARI,,,,,,,,,
2019,Eat The Sandwich,Spencer,Dalvin Cook,RB,MIN,,,,,,,,,
2019,Trust The Process,Tom,Brandin Cooks,WR,LAR,,,,,,,,,
2019,Gotham City Rogues,Dan,Josh Jacobs,RB,LV,,,,,,,,,
2019,The Comeback of Johnny Man-Zeer,Gavin,AJ Brown,WR,TEN,,,,,,,,,
2019,Subverted Expectations,TSizz,"Mohamed Sanu Jr,",WR,NE,,,,,,,,,
2019,John Loves Dogs,James,David Montgomery,RB,DAL,,,,,,,,,
2019,Clutch Gene,Spear,Kelvin Harmon,WR,WAS,,,,,,,,,
2019,Reverend Payne,Rob,Calvin Ridley,WR,ATL,,,,,,,,,
2019,LSC Stud Muffins,Dylan,Patrick Mahomes,QB,KC,,,,,,,,,
2019,Victim Complexes,Wes,Duke Johnson,RB,HOU,,,,,,,,,
2019,Seabass and the Fellas,Geoff,Travis Kelce,TE,KC,,,,,,,,,
2019,SCOTTS TOTS,Ken,Derrius Guice,RB,WAS,,,,,,,,,
2019,Eat The Sandwich,Spencer,Tarik Cohen,RB,DAL,,,,,,,,,
2019,Trust The Process,Tom,Emmanuel Sanders,WR,SF,,,,,,,,,
2019,Gotham City Rogues,Dan,Jordan Howard,RB,PHI,,,,,,,,,
2019,The Comeback of Johnny Man-Zeer,Gavin,Randall Cobb,WR,DAL,,,,,,,,,
2019,Subverted Expectations,TSizz,Jameis Winston,QB,TB,,,,,,,,,
2019,John Loves Dogs,James,Chris Godwin,WR,TB,,,,,,,,,
2019,Clutch Gene,Spear,Diontae Johnson,WR,PIT,,,,,,,,,
2019,Reverend Payne,Rob,Dede Westbrook,WR,JAX,,,,,,,,,
2019,LSC Stud Muffins,Dylan,Austin Hooper,TE,ATL,,,,,,,,,
2019,Victim Complexes,Wes,Tyrell Williams,WR,LV,,,,,,,,,
2019,Seabass and the Fellas,Geoff,Alshon Jeffery,WR,PHI,,,,,,,,,
2019,SCOTTS TOTS,Ken,Damien Williams,RB,KC,,,,,,,,,
2019,Eat The Sandwich,Spencer,Carlos Hyde,RB,HOU,,,,,,,,,
2019,Trust The Process,Tom,Tevin Coleman,RB,SF,,,,,,,,,
2019,Gotham City Rogues,Dan,Jaylen Samuels,RB,PIT,,,,,,,,,
2019,The Comeback of Johnny Man-Zeer,Gavin,Jamaal Williams,RB,GB,,,,,,,,,
2019,Subverted Expectations,TSizz,Jimy Graham,TE,GB,,,,,,,,,
2019,John Loves Dogs,James,Greg Olsen,TE,SEA,,,,,,,,,
2019,Clutch Gene,Spear,Chris Conley,WR,JAX,,,,,,,,,
2019,Reverend Payne,Rob,Zan Gonzalez,K,ARI,,,,,,,,,
2019,LSC Stud Muffins,Dylan,Tyler Eifert,TE,CIN,,,,,,,,,
2019,Victim Complexes,Wes,John Brown,WR,BUF,,,,,,,,,
2019,Seabass and the Fellas,Geoff,Royce Freeman,RB,DEN,,,,,,,,,
2019,SCOTTS TOTS,Ken,Jets D/ST,DEF,NYJ,,,,,,,,,
2019,Eat The Sandwich,Spencer,TY Hilton,WR,IND,,,,,,,,,
2019,Trust The Process,Tom,Rams D/ST,DEF,LAR,,,,,,,,,
2019,Gotham City Rogues,Dan,Ty Johnson,RB,DET,,,,,,,,,
2019,The Comeback of Johnny Man-Zeer,Gavin,Taylor Gabriel,WR,DAL,,,,,,,,,
2019,Subverted Expectations,TSizz,Matthew Stafford,QB,DET,,,,,,,,,
2019,John Loves Dogs,James,Josh Allen,QB,BUF,,,,,,,,,
2019,Clutch Gene,Spear,Greg Ward Jr.,WR,PHI,,,,,,,,,
2019,Reverend Payne,Rob,Tom Brady,QB,NE,,,,,,,,,
2019,LSC Stud Muffins,Dylan,JuJu Smith-Schuster,WR,PIT,,,,,,Robert Woods,WR,Robert Woods,WR
2019,Victim Complexes,Wes,Robby Anderson,WR,NYJ,,,,,,,,,
2019,Seabass and the Fellas,Geoff,Christ Thompson,RB,WAS,,,,,,Marquise Brown,RB/WR,Marquise Brown,RB/WR
2019,SCOTTS TOTS,Ken,Ryan Griffin,TE,NYJ,,,,,,Hayden Hurst,TE,Hayden Hurst,TE
2019,Eat The Sandwich,Spencer,Larry Fitzgerald,WR,ARI,,,,,,,,,
2019,Trust The Process,Tom,LeSean McCoy,RB,KC,,,,,,,,,
2019,Gotham City Rogues,Dan,Daniel Jones,QB,NYG,,,,,,Rodrigo Blankenship,K,Rodrigo Blankenship,K
2019,The Comeback of Johnny Man-Zeer,Gavin,Jacob Hollister,TE,SEA,,,,,,Michael Pittman Jr.,BE,Michael Pittman Jr.,BE
2019,Subverted Expectations,TSizz,Frank Gore,RB,BUF,,,,,,Browns D/ST,D/ST,Browns D/ST,D/ST
2019,John Loves Dogs,James,Kirk Cousins,QB,MIN,,,,,,,,,
2019,Clutch Gene,Spear,Mike Gesicki,TE,MIA,,,,,,,,,
2019,Reverend Payne,Rob,Gerald Everett,TE,LAR,,,,,,,,,
2019,LSC Stud Muffins,Dylan,Dak Prescott,QB,DAL,,,,,,Robert Woods,WR,Robert Woods,WR
2019,Victim Complexes,Wes,Corey Davis,WR,TEN,,,,,,,,,
2019,Seabass and the Fellas,Geoff,Raheem Mostert,RB,SF,,,,,,Marquise Brown,RB/WR,Marquise Brown,RB/WR
2019,SCOTTS TOTS,Ken,Keelan Cole,WR,JAX,,,,,,Hayden Hurst,TE,Hayden Hurst,TE
2019,Eat The Sandwich,Spencer,Evan Engram,TE,NYG,,,,,,,,,
2019,Trust The Process,Tom,Noah Fant,TE,DEN,,,,,,,,,
2019,Gotham City Rogues,Dan,N'Keal Harry,WR,NE,,,,,,Rodrigo Blankenship,K,Rodrigo Blankenship,K
2019,The Comeback of Johnny Man-Zeer,Gavin,Adrian Peterson,RB,WAS,,,,,,Michael Pittman Jr.,BE,Michael Pittman Jr.,BE
2019,Subverted Expectations,TSizz,Nelson Agholor,WR,PHI,,,,,,Browns D/ST,D/ST,Browns D/ST,D/ST
2019,John Loves Dogs,James,DeAndre Washington,RB,LV,,,,,,,,,
2019,Reverend Payne,Rob,Darius Slayton,WR,NYG,,,,,,,,,
2019,LSC Stud Muffins,Dylan,Trey Edmunds,RB,PIT,,,,,,Allen Robinson II,WR/TE,Allen Robinson II,WR/TE
2019,Victim Complexes,Wes,Darren Fells,TE,HOU,,,,,,,,,
2019,Seabass and the Fellas,Geoff,Russell Gage,WR,ATL,,,,,,Antonio Gibson,RB,Antonio Gibson,RB
2019,John Loves Dogs,James,AJ Green,WR,CIN,,,Austin Ekeler,RB,,,,,
2019,Clutch Gene,Spear,Mike Evans,WR,TB,,,,,,,,,
2019,LSC Stud Muffins,Dylan,David Njoku,TE,CLE,,,Allen Robinson II,WR/TE,,Allen Robinson II,WR/TE,Allen Robinson II,WR/TE
2019,Victim Complexes,Wes,Kerryon Johnson,RB,DET,,,,,,,,,
2020,He's Still Alive,Ken,Derek Carr,QB,LV,,,Antonio Gibson,RB,,Antonio Gibson,RB,Antonio Gibson,RB
2020,Eat The Sandwich,Spencer,Daniel Jones,QB,NYG,,,,,,,,,
2020,Wreck Everyone and Lose,Tom,Patrick Mahomes,QB,KC,,,,,,,,,
2020,Gotham City Rogues,Dan,Mitchell Trubisky,QB,DAL,,,Ben Roethlisberger,BE,,Ben Roethlisberger,BE,Ben Roethlisberger,BE
2020,The Comeback of Johnny Man-Zeer,Gavin,Aaron Rodgers,QB,GB,,,Dallas Goedert,BE,,Dallas Goedert,BE,Dallas Goedert,BE
2020,"Make POs, Lose In QFs, Repeat",TSizz,Ryan Tannehill,QB,TEN,,,Rodrigo Blankenship,K,,Rodrigo Blankenship,K,Rodrigo Blankenship,K
2020,Reverend Payne,Rob,Deshaun Watson,QB,HOU,,,,,,,,,
2020,Seabass and the Fellas,Geoff,Russell Wilson,QB,SEA,,,Browns D/ST,D/ST,,Browns D/ST,D/ST,Browns D/ST,D/ST
2020,He's Still Alive,Ken,David Johnson,RB,HOU,,,Jalen Hurts,QB,,Jalen Hurts,QB,Jalen Hurts,QB
2020,Eat The Sandwich,Spencer,Le'Veon Bell,RB,KC,,,,,,,,,
2020,Wreck Everyone and Lose,Tom,Miles Sanders,RB,PHI,,,,,,,,,
2020,Gotham City Rogues,Dan,Alvin Kamara,RB,NO,,,Giovani Bernard,BE,,Giovani Bernard,BE,Giovani Bernard,BE
2020,The Comeback of Johnny Man-Zeer,Gavin,Todd Gurley II,RB,ATL,,,,,,,,,
2020,"Make POs, Lose In QFs, Repeat",TSizz,Nick Chubb,RB,CLE,,,,,,,,,
2020,Reverend Payne,Rob,Melvin Gordon III,RB,DEN,,,,,,,,,
2020,Seabass and the Fellas,Geoff,Dalvin Cook,RB,MIN,,,,,,,,,
2020,He's Still Alive,Ken,Kareem Hunt,RB,CLE,,,,,,,,,
2020,Eat The Sandwich,Spencer,Jerick McKinnon,RB,SF,,,,,,,,,
2020,Wreck Everyone and Lose,Tom,Kenyan Drake,RB,ARI,,,,,,,,,
2020,Gotham City Rogues,Dan,JK Dobbins,RB,BAL,,,,,,,,,
2020,The Comeback of Johnny Man-Zeer,Gavin,Duke Johnson,RB,HOU,,,,,,,,,
2020,"Make POs, Lose In QFs, Repeat",TSizz,Derrick Henry,RB,TEN,,,,,,,,,
2020,Reverend Payne,Rob,Jeff Wilson Jr,RB,SF,,,,,,,,,
2020,Seabass and the Fellas,Geoff,Jonathan Taylor,RB,IND,,,,,,,,,
2020,He's Still Alive,Ken,Keenan Allen,WR,LAC,,,,,,,,,
2020,Eat The Sandwich,Spencer,Juju Smith-Schuster,WR,PIT,,,,,,,,,
2020,Wreck Everyone and Lose,Tom,Mike Davis,RB,CAR,,,,,,,,,
2020,Gotham City Rogues,Dan,Jakobi Meyers,WR,NE,,,,,,,,,
2020,The Comeback of Johnny Man-Zeer,Gavin,Marvin Jones,WR,DET,,,,,,,,,
2020,"Make POs, Lose In QFs, Repeat",TSizz,Malcolm Brown,RB,LAR,,,,,,,,,
2020,Reverend Payne,Rob,Stefon Diggs,WR,BUF,,,,,,,,,
2020,Seabass and the Fellas,Geoff,Tyreek Hill,WR,KC,,,,,,,,,
2020,He's Still Alive,Ken,Michael Thomas,WR,NO,,,,,,,,,
2020,Eat The Sandwich,Spencer,Sterling Shepard,WR,NYG,,,,,,,,,
2020,Wreck Everyone and Lose,Tom,Calvin Ridley,WR,ATL,,,,,,,,,
2020,Gotham City Rogues,Dan,Amari Cooper,WR,DAL,,,,,,,,,
2020,The Comeback of Johnny Man-Zeer,Gavin,Brandin Cooks,WR,HOU,,,,,,,,,
2020,"Make POs, Lose In QFs, Repeat",TSizz,Corey Davis,WR,TEN,,,,,,,,,
2020,Reverend Payne,Rob,DeAndre Hopkins,WR,ARI,,,,,,,,,
2020,Seabass and the Fellas,Geoff,DJ Moore,WR,CAR,,,,,,,,,
2020,He's Still Alive,Ken,Curtis Samuel,WR,CAR,,,,,,,,,
2020,Eat The Sandwich,Spencer,Antonio Brown,WR,TB,,,,,,,,,
2020,Wreck Everyone and Lose,Tom,Mike Williams,WR,LAC,,,,,,,,,
2020,Gotham City Rogues,Dan,Robby Anderson,WR,CAR,,,,,,,,,
2020,The Comeback of Johnny Man-Zeer,Gavin,Justin Jefferson,WR,MIN,,,,,,,,,
2020,"Make POs, Lose In QFs, Repeat",TSizz,Allen Lazard,WR,GB,,,,,,,,,
2020,Reverend Payne,Rob,Sammy Watkins,WR,KC,,,,,,,,,
2020,Seabass and the Fellas,Geoff,Tyler Lockett,WR,SEA,,,,,,,,,
2020,He's Still Alive,Ken,Keke Coutee,WR,HOU,,,,,,,,,
2020,Eat The Sandwich,Spencer,Austin Hooper,TE,CLE,,,,,,,,,
2020,Wreck Everyone and Lose,Tom,CeeDee Lamb,WR,DAL,,,,,,,,,
2020,Gotham City Rogues,Dan,AJ Brown,WR,TEN,,,,,,,,,
2020,The Comeback of Johnny Man-Zeer,Gavin,Cooper Kupp,WR,LAR,,,,,,,,,
2020,"Make POs, Lose In QFs, Repeat",TSizz,DJ Chark Jr.,WR,JAX,,,,,,,,,
2020,Reverend Payne,Rob,Jamison Crowder,WR,NYJ,,,,,,,,,
2020,Seabass and the Fellas,Geoff,Logan Thomas,TE,WAS,,,,,,,,,
2020,He's Still Alive,Ken,Travis Kelce,TE,KC,,,,,,,,,
2020,Eat The Sandwich,Spencer,Robert Tonyan,TE,GB,,,,,,,,,
2020,Wreck Everyone and Lose,Tom,Evan Engram,TE,NYG,,,,,,,,,
2020,Gotham City Rogues,Dan,Mike Gesicki,TE,MIA,,,,,,,,,
2020,The Comeback of Johnny Man-Zeer,Gavin,Dalton Schultz,TE,DAL,,,,,,,,,
2020,"Make POs, Lose In QFs, Repeat",TSizz,Eric Ebron,TE,PIT,,,,,,,,,
2020,Reverend Payne,Rob,Darren Waller,TE,LV,,,,,,,,,
2020,Seabass and the Fellas,Geoff,TJ Hockenson,TE,DET,,,,,,,,,
2020,He's Still Alive,Ken,Rams D/ST,DEF,LAR,,,,,,,,,
2020,Eat The Sandwich,Spencer,Panthers D/ST,DEF,CAR,,,,,,,,,
2020,Wreck Everyone and Lose,Tom,Ravens D/ST,DEF,BAL,,,,,,,,,
2020,Gotham City Rogues,Dan,Bills D/ST,DEF,BUF,,,,,,,,,
2020,The Comeback of Johnny Man-Zeer,Gavin,Patriots D/ST,DEF,NE,,,,,,,,,
2020,"Make POs, Lose In QFs, Repeat",TSizz,Cheifs D/ST,DEF,KC,,,,,,,,,
2020,Reverend Payne,Rob,Steelers D/ST,DEF,PIT,,,,,,,,,
2020,Seabass and the Fellas,Geoff,Colts D/ST,DEF,IND,,,,,,,,,
2020,He's Still Alive,Ken,Wil Lutz,K,NO,,,,,,,,,
2020,Eat The Sandwich,Spencer,Younghoe Koo,K,ATL,,,,,,,,,
2020,Wreck Everyone and Lose,Tom,Daniel Carlson,K,LV,,,,,,,,,
2020,Gotham City Rogues,Dan,Jason Sanders,K,MIA,,,,,,,,,
2020,The Comeback of Johnny Man-Zeer,Gavin,Mason Crosby,K,GB,,,,,,,,,
2020,"Make POs, Lose In QFs, Repeat",TSizz,Harrison Butker,K,KC,,,,,,,,,
2020,Reverend Payne,Rob,Justin Tucker,K,BAL,,,,,,,,,
2020,Seabass and the Fellas,Geoff,Tyler Bass,K,BUF,,,,,,,,,
2020,He's Still Alive,Ken,Deebo Samuel,WR,SF,,,,,,,,,
2020,Eat The Sandwich,Spencer,Terry McLaurin,WR,WAS,,,,,,,,,
2020,Wreck Everyone and Lose,Tom,DeVante Parker,WR,MIA,,,,,,,,,
2020,Gotham City Rogues,Dan,Cam Akers,RB,LAR,,,,,,,,,
2020,The Comeback of Johnny Man-Zeer,Gavin,Josh Jacobs,RB,LV,,,,,,,,,
2020,"Make POs, Lose In QFs, Repeat",TSizz,Hunter Renfrow,WR,LV,,,,,,,,,
2020,Reverend Payne,Rob,Jamaal Williams,RB,DET,,,,,,,,,
2020,Seabass and the Fellas,Geoff,Darrell Henderson Jr,RB,LAR,,,,,,,,,
2020,He's Still Alive,Ken,Matt Ryan,QB,ATL,,,,,,,,,
2020,Eat The Sandwich,Spencer,Raheem Mostert,RB,SF,,,,,,,,,
2020,Wreck Everyone and Lose,Tom,Christian Kirk,WR,ARI,,,,,,,,,
2020,Gotham City Rogues,Dan,Devin SIngletary,RB,BUF,,,,,,,,,
2020,The Comeback of Johnny Man-Zeer,Gavin,Lamar Jackson,QB,BAL,,,,,,,,,
2020,"Make POs, Lose In QFs, Repeat",TSizz,Tyler Boyd,WR,CIN,,,,,,,,,
2020,Reverend Payne,Rob,Adrian Peterson,RB,DET,,,,,,,,,
2020,Seabass and the Fellas,Geoff,Anthony Miller,WR,DAL,,,,,,,,,
2020,He's Still Alive,Ken,Zach Ertz,TE,PHI,,,,,,,,,
2020,Eat The Sandwich,Spencer,Jonnu Smith,TE,TEN,,,,,,,,,
2020,Wreck Everyone and Lose,Tom,Jerry Jeudy,WR,DEN,,,,,,,,,
2020,Gotham City Rogues,Dan,Cam Newton,QB,NE,,,,,,,,,
2020,The Comeback of Johnny Man-Zeer,Gavin,Jarvis Landry,WR,CLE,,,,,,,,,
2020,"Make POs, Lose In QFs, Repeat",TSizz,Kyle Rudolph,TE,MIN,,,,,,,,,
2020,Reverend Payne,Rob,Chad Hansen,WR,HOU,,,,,,,,,
2020,Seabass and the Fellas,Geoff,Damien Harris,RB,NE,,,,,,,,,
2020,He's Still Alive,Ken,Buccaneers D/ST,DEF,TB,,,,,,,,,
2020,Eat The Sandwich,Spencer,Packers D/ST,DEF,GB,,,,,,,,,
2020,Wreck Everyone and Lose,Tom,James Robinson,RB,JAX,,,,,,,,,
2020,Gotham City Rogues,Dan,Kalen Ballage,RB,LAC,,,,,,,,,
2020,The Comeback of Johnny Man-Zeer,Gavin,Gerald Everett,TE,LAR,,,,,,,,,
2020,"Make POs, Lose In QFs, Repeat",TSizz,Darnell Mooney,WR,DAL,,,,,,,,,
2020,Reverend Payne,Rob,Salcon Ahmed,RB,MIA,,,,,,,,,
2020,Seabass and the Fellas,Geoff,Tyler Higbee,TE,LAR,,,,,,,,,
2020,He's Still Alive,Ken,James Conner,RB,PIT,,,,,,,,,
2020,Eat The Sandwich,Spencer,Gabriel Davis,WR,BUF,,,,,,,,,
2020,Wreck Everyone and Lose,Tom,Leonard Fournette,RB,TB,,,,,,,,,
2020,Gotham City Rogues,Dan,Devontae Booker,RB,LV,,,,,,,,,
2020,The Comeback of Johnny Man-Zeer,Gavin,Josh Reynolds,WR,LAR,,,,,,,,,
2020,"Make POs, Lose In QFs, Repeat",TSizz,Tim Patrick,WR,DEN,,,,,,,,,
2020,Reverend Payne,Rob,Tre'Quan Smith,WR,NO,,,,,,,,,
2020,Seabass and the Fellas,Geoff,TY Hilton,WR,IND,,,,,,,,,
2020,He's Still Alive,Ken,Carson Wentz,QB,PHI,,,,,,,,,
2020,Eat The Sandwich,Spencer,Odell Beckham Jr,WR,CLE,,,,,,,,,
2020,Wreck Everyone and Lose,Tom,Taysom Hill,QB,NO,,,,,,,,,
2020,Gotham City Rogues,Dan,Cole Kmet,TE,DAL,,,,,,,,,
2020,The Comeback of Johnny Man-Zeer,Gavin,Nelson Agholor,WR,LV,,,,,,,,,
2020,"Make POs, Lose In QFs, Repeat",TSizz,Rashard Higgins,WR,CLE,,,,,,,,,
2020,Reverend Payne,Rob,John Brown,WR,BUF,,,,,,,,,
2020,Seabass and the Fellas,Geoff,Baker Mayfield,QB,CLE,,,,,,,,,
2020,Eat The Sandwich,Spencer,Clyde Edwards-Helaire,RB,KC,,,,,,,,,
2020,Gotham City Rogues,Dan,George Kittle,TE,SF,,,,,,,,,
2020,Reverend Payne,Rob,Joe Mixon,RB,CIN,,,,,,,,,
2020,Seabass and the Fellas,Geoff,Dak Prescott,QB,DAL,,,,,,,,,
2020,Eat The Sandwich,Spencer,Julio Jones,WR,ATL,,,,,,,,,
2021,Def Done After This Season,Ken,Dak Prescott,QB,DAL,,,,,,,,,
2021,Eat The Sandwich,Spencer,Aaron Rodgers,QB,GB,,,,,,,,,
2021,The Best In The World,Tom,Patrick Mahomes,QB,KC,,,,,,,,,
2021,Gotham City Rogues,Dan,Joe Burrow,QB,CIN,,,,,,,,,
2021,The Comeback of Johnny Man-Zeer,Gavin,Kyler Murray,QB,ARI,,,,,,,,,
2021,Ride of the Symphirrim,TSizz,Justin Herbert,QB,LAC,,,,,,,,,
2020,John Loves Dogs,James,Jalen Hurts,QB,PHI,,,Austin Ekeler,RB,,,,,
2020,FightOwens Fight!,Spear,Josh Allen,QB,BUF,,,,,,,,,
2021,Reverend Payne,Rob,Tom Brady,QB,TB,,,,,,,,,
2021,. Cush .,Connor,Tua Tagovailoa,QB,MIA,,,Robert Woods,WR,,Robert Woods,WR,Robert Woods,WR
2021,Victim Complexes,Wes,Kirk Cousins,QB,MIN,,,,,,,,,
2021,Seabass and the Fellas,Geoff,Jalen Hurts,QB,PHI,,,Marquise Brown,RB/WR,,Marquise Brown,RB/WR,Marquise Brown,RB/WR
2021,Def Done After This Season,Ken,Najee Harris,RB,PIT,,,,,,,,,
2021,Eat The Sandwich,Spencer,Jonathan Taylor,RB,IND,,,,,,,,,
2021,The Best In The World,Tom,Darrel Williams,RB,KC,,,,,,,,,
2021,Gotham City Rogues,Dan,Damien Harris,RB,NE,,,Rodrigo Blankenship,K,,Rodrigo Blankenship,K,Rodrigo Blankenship,K
2021,The Comeback of Johnny Man-Zeer,Gavin,Josh Jacobs,RB,LV,,,Michael Pittman Jr.,BE,,Michael Pittman Jr.,BE,Michael Pittman Jr.,BE
2021,Ride of the Symphirrim,TSizz,Nick Chubb,RB,CLE,,,Browns D/ST,D/ST,,Browns D/ST,D/ST,Browns D/ST,D/ST
2020,John Loves Dogs,James,Austin Ekeler,RB,LAC,,,Jalen Hurts,QB,,,,,
2020,FightOwens Fight!,Spear,D'Andre Swift,RB,DET,,,,,,,,,
2021,Reverend Payne,Rob,Clyde Edwards-Helaire,RB,KC,,,,,,,,,
2021,. Cush .,Connor,Javonte Williams,RB,DEN,,,Giovani Bernard,BE,,Robert Woods,WR,Robert Woods,WR
2021,Victim Complexes,Wes,Aaron Jones,RB,GB,,,,,,,,,
2021,Seabass and the Fellas,Geoff,Dalvin Cook,RB,MIN,,,,,,Marquise Brown,RB/WR,Marquise Brown,RB/WR
2021,Def Done After This Season,Ken,Sony Michel,RB,LAR,,,,,,,,,
2021,Eat The Sandwich,Spencer,Saquon Barkley,RB,NYG,,,,,,,,,
2021,The Best In The World,Tom,Ronald Jones,RB,TB,,,,,,,,,
2021,Gotham City Rogues,Dan,AJ Dillon,RB,GB,,,,,,Rodrigo Blankenship,K,Rodrigo Blankenship,K
2021,The Comeback of Johnny Man-Zeer,Gavin,Tony Pollard,RB,DAL,,,,,,Michael Pittman Jr.,BE,Michael Pittman Jr.,BE
2021,Ride of the Symphirrim,TSizz,Devonta Freeman,RB,BAL,,,,,,Browns D/ST,D/ST,Browns D/ST,D/ST
2020,John Loves Dogs,James,Antonio Gibson,RB,WAS,,,Austin Ekeler,RB,,,,,
2020,FightOwens Fight!,Spear,David Montgomery,RB,CHI,,,,,,,,,
2021,Reverend Payne,Rob,Robert Woods,RB,NE,,,,,,,,,
2021,. Cush .,Connor,Antonio Gibson,RB,PHI,,,Robert Woods,WR,,Robert Woods,WR,Robert Woods,WR
2021,Victim Complexes,Wes,Marquise Brown,RB,DAL,,,,,,,,,
2021,Seabass and the Fellas,Geoff,Hayden Hurst,RB,BUF,,,Marquise Brown,RB/WR,,Marquise Brown,RB/WR,Marquise Brown,RB/WR
2021,Def Done After This Season,Ken,Miles Sanders,RB,PHI,,,,,,,,,
2021,Eat The Sandwich,Spencer,Jaylen Waddle,WR,MIA,,,,,,,,,
2021,The Best In The World,Tom,CeeDee Lamb,WR,DAL,,,,,,,,,
2021,Gotham City Rogues,Dan,Alvin Kamara,RB,NO,,,Rodrigo Blankenship,K,,Rodrigo Blankenship,K,Rodrigo Blankenship,K
2021,The Comeback of Johnny Man-Zeer,Gavin,Darnell Mooney,WR,DAL,,,Michael Pittman Jr.,BE,,Michael Pittman Jr.,BE,Michael Pittman Jr.,BE
2021,Ride of the Symphirrim,TSizz,D'Andre Swift,RB,DET,,,Browns D/ST,D/ST,,Browns D/ST,D/ST,Browns D/ST,D/ST
2020,John Loves Dogs,James,Allen Robinson II,WR,CHI,,,Jalen Hurts,QB,,,,,
2020,FightOwens Fight!,Spear,Chase Claypool,WR,PIT,,,,,,,,,
2021,Reverend Payne,Rob,Jakobi Meyers,WR,NE,,,,,,,,,
2021,. Cush .,Connor,Marquez Callaway,WR,NO,,,Giovani Bernard,BE,,Robert Woods,WR,Robert Woods,WR
2021,Victim Complexes,Wes,Emmanuel Sanders,WR,BUF,,,,,,,,,
2021,Seabass and the Fellas,Geoff,Mike Evans,WR,TB,,,,,,Marquise Brown,RB/WR,Marquise Brown,RB/WR
2021,Def Done After This Season,Ken,Tee Higgins,WR,CIN,,,,,,,,,
2021,Eat The Sandwich,Spencer,Odell Beckham Jr,WR,LAR,,,,,,,,,
2021,The Best In The World,Tom,DeVonta Smith,WR,PHI,,,,,,,,,
2021,Gotham City Rogues,Dan,Amari Cooper,WR,DAL,,,,,,Rodrigo Blankenship,K,Rodrigo Blankenship,K
2021,The Comeback of Johnny Man-Zeer,Gavin,Diontae Johnson,WR,PIT,,,,,,Michael Pittman Jr.,BE,Michael Pittman Jr.,BE
2021,Ride of the Symphirrim,TSizz,Chase Claypool,WR,PIT,,,,,,Browns D/ST,D/ST,Browns D/ST,D/ST
2020,John Loves Dogs,James,Robert Woods,WR,LAR,,,,,,,,,
2020,FightOwens Fight!,Spear,Chris Godwin,WR,TB,,,,,,,,,
2021,Reverend Payne,Rob,Stefon Diggs,WR,BUF,,,,,,,,,
2021,. Cush .,Connor,DK Metcalf,WR,SEA,,,,,,Robert Woods,WR,Robert Woods,WR
2021,Victim Complexes,Wes,Terry McLaurin,WR,WAS,,,,,,,,,
2021,Seabass and the Fellas,Geoff,Tyreek Hill,WR,KC,,,,,,Marquise Brown,RB/WR,Marquise Brown,RB/WR
2021,Def Done After This Season,Ken,AJ Green,WR,ARI,,,,,,,,,
2021,Eat The Sandwich,Spencer,Christian Kirk,WR,ARI,,,,,,,,,
2021,The Best In The World,Tom,Russell Gage,WR,ATL,,,,,,,,,
2021,Gotham City Rogues,Dan,Jarvis Landry,WR,CLE,,,,,,Rodrigo Blankenship,K,Rodrigo Blankenship,K
2021,The Comeback of Johnny Man-Zeer,Gavin,Rondale Moore,WR,ARI,,,,,,Michael Pittman Jr.,BE,Michael Pittman Jr.,BE
2021,Ride of the Symphirrim,TSizz,Mike Williams,WR,LAC,,,,,,Browns D/ST,D/ST,Browns D/ST,D/ST
2020,John Loves Dogs,James,Marquise Brown,WR,BAL,,,,,,,,,
2020,FightOwens Fight!,Spear,Brandon Aiyuk,WR,SF,,,,,,,,,
2021,Reverend Payne,Rob,Laviska Shenault Jr,WR,JAX,,,,,,,,,
2021,. Cush .,Connor,Amon-Ra St. Brown,WR,DET,,,,,,Robert Woods,WR,Robert Woods,WR
2021,Victim Complexes,Wes,Chris Godwin,WR,TB,,,,,,,,,
2021,Seabass and the Fellas,Geoff,Robby Anderson,WR,CAR,,,,,,Marquise Brown,RB/WR,Marquise Brown,RB/WR
2021,Def Done After This Season,Ken,Michael Pittman Jr,WR,IND,,,,,,,,,
2021,Eat The Sandwich,Spencer,Dalton Schultz,TE,DAL,,,,,,,,,
2021,The Best In The World,Tom,Hunter Renfrow,WR,LV,,,,,,,,,
2021,Gotham City Rogues,Dan,Zach Ertz,TE,ARI,,,,,,Rodrigo Blankenship,K,Rodrigo Blankenship,K
2021,The Comeback of Johnny Man-Zeer,Gavin,Justin Jefferson,WR,MIN,,,,,,Michael Pittman Jr.,BE,Michael Pittman Jr.,BE
2021,Ride of the Symphirrim,TSizz,Tyler Higbee,TE,LAR,,,,,,Browns D/ST,D/ST,Browns D/ST,D/ST
2020,John Loves Dogs,James,Davante Adams,WR,GB,,,,,,,,,
2020,FightOwens Fight!,Spear,Myles Gaskin,RB,MIA,,,,,,,,,
2021,Reverend Payne,Rob,Sterling Shepard,WR,NYG,,,,,,,,,
2021,. Cush .,Connor,Deebo Samuel,WR,SF,,,,,,Robert Woods,WR,Robert Woods,WR
2021,Victim Complexes,Wes,Tyler Lockett,WR,SEA,,,,,,,,,
2021,Seabass and the Fellas,Geoff,Michael Gallup,WR,DAL,,,,,,Marquise Brown,RB/WR,Marquise Brown,RB/WR
2021,Def Done After This Season,Ken,Travis Kelce,TE,KC,,,,,,,,,
2021,Eat The Sandwich,Spencer,Mark Andrews,TE,BAL,,,,,,,,,
2021,The Best In The World,Tom,Dawson Knox,TE,BUF,,,,,,,,,
2021,Gotham City Rogues,Dan,George Kittle,TE,SF,,,,,,Rodrigo Blankenship,K,Rodrigo Blankenship,K
2021,The Comeback of Johnny Man-Zeer,Gavin,Foster Moreau,TE,LV,,,,,,Michael Pittman Jr.,BE,Michael Pittman Jr.,BE
2021,Ride of the Symphirrim,TSizz,Dallas Goedert,TE,PHI,,,,,,Browns D/ST,D/ST,Browns D/ST,D/ST
2020,John Loves Dogs,James,Hayden Hurst,TE,ATL,,,,,,,,,
2020,FightOwens Fight!,Spear,Noah Fant,TE,DEN,,,,,,,,,
2021,Reverend Payne,Rob,Cole Kmet,TE,DAL,,,,,,,,,
2021,. Cush .,Connor,Gerald Everett,TE,SEA,,,,,,Robert Woods,WR,Robert Woods,WR
2021,Victim Complexes,Wes,Kyle Pitts,TE,ATL,,,,,,,,,
2021,Seabass and the Fellas,Geoff,Hunter Henry,TE,NE,,,,,,Marquise Brown,RB/WR,Marquise Brown,RB/WR
2021,Def Done After This Season,Ken,Cardinals D/ST,DEF,ARI,,,,,,,,,
2021,Eat The Sandwich,Spencer,Chargers D/ST,DEF,LAC,,,,,,,,,
2021,The Best In The World,Tom,Buccaneers D/ST,DEF,TB,,,,,,,,,
2021,Gotham City Rogues,Dan,Patriots D/ST,DEF,NE,,,,,,Rodrigo Blankenship,K,Rodrigo Blankenship,K
2021,The Comeback of Johnny Man-Zeer,Gavin,Packers D/ST,DEF,GB,,,,,,Michael Pittman Jr.,BE,Michael Pittman Jr.,BE
2021,Ride of the Symphirrim,TSizz,Seahawks D/ST,DEF,SEA,,,,,,,,,
2020,John Loves Dogs,James,Browns D/ST,DEF,CLE,,,,,,,,,
2020,FightOwens Fight!,Spear,Washington D/ST,DEF,WAS,,,,,,,,,
2021,Reverend Payne,Rob,Bills D/ST,DEF,BUF,,,,,,,,,
2021,. Cush .,Connor,Steelers D/ST,DEF,PIT,,,,,,Robert Woods,WR,Robert Woods,WR
2021,Victim Complexes,Wes,Raiders D/ST,DEF,LV,,,,,,,,,
2021,Seabass and the Fellas,Geoff,Cowboys D/ST,DEF,DAL,,,,,,Marquise Brown,RB/WR,Marquise Brown,RB/WR
2021,Def Done After This Season,Ken,Justin Tucker,K,BAL,,,,,,,,,
2021,Eat The Sandwich,Spencer,Matt Gay,K,LAR,,,,,,,,,
2021,The Best In The World,Tom,Daniel Carlson,K,LV,,,,,,,,,
2021,Gotham City Rogues,Dan,Nick Folk,K,NE,,,,,,Rodrigo Blankenship,K,Rodrigo Blankenship,K
2021,The Comeback of Johnny Man-Zeer,Gavin,Robbie Gould,K,SF,,,,,,Michael Pittman Jr.,BE,Michael Pittman Jr.,BE
2021,Ride of the Symphirrim,TSizz,Younghoe Koo,K,ATL,,,,,,Browns D/ST,D/ST,Browns D/ST,D/ST
2020,John Loves Dogs,James,Rodrigo Blankenship,K,IND,,,,,,,,,
2020,FightOwens Fight!,Spear,Dustin Hopkins,K,WAS,,,,,,,,,
2021,Reverend Payne,Rob,Harrison Butker,K,KC,,,,,,,,,
2021,. Cush .,Connor,Graham Gano,K,NYG,,,,,,Robert Woods,WR,Robert Woods,WR
2021,Victim Complexes,Wes,Tyler Bass,K,BUF,,,,,,,,,
2021,Seabass and the Fellas,Geoff,Chris Boswell,K,PIT,,,,,,Marquise Brown,RB/WR,Marquise Brown,RB/WR
2021,Def Done After This Season,Ken,Julio Jones,WR,TEN,,,,,,,,,
2021,Eat The Sandwich,Spencer,Devontae Booker,RB,NYG,,,,,,,,,
2021,The Best In The World,Tom,James Robinson,RB,JAX,,,,,,,,,
2021,Gotham City Rogues,Dan,James Conner,RB,ARI,,,,,,Rodrigo Blankenship,K,Rodrigo Blankenship,K
2021,The Comeback of Johnny Man-Zeer,Gavin,Mike Gesicki,TE,MIA,,,,,,Michael Pittman Jr.,BE,Michael Pittman Jr.,BE
2021,Ride of the Symphirrim,TSizz,Jerry Jeudy,WR,DET,,,,,,Browns D/ST,D/ST,Browns D/ST,D/ST
2020,John Loves Dogs,James,James White,RB,NE,,,,,,,,,
2020,FightOwens Fight!,Spear,Lynn Bowden Jr.,WR,LV,,,,,,,,,
2021,Reverend Payne,Rob,DeAndre Hopkins,WR,ARI,,,,,,,,,
2021,. Cush .,Connor,Darren Waller,TE,LV,,,,,,Robert Woods,WR,Robert Woods,WR
2021,Victim Complexes,Wes,Tyler Boyd,WR,CIN,,,,,,,,,
2021,Seabass and the Fellas,Geoff,Chase Edmonds,RB,ARI,,,,,,Marquise Brown,RB/WR,Marquise Brown,RB/WR
2021,Def Done After This Season,Ken,Darrell Henderson Jr,RB,LAR,,,,,,,,,
2021,Eat The Sandwich,Spencer,KJ Osborn,WR,MIN,,,,,,,,,
2021,The Best In The World,Tom,Leonard Fournette,RB,TB,,,,,,,,,
2021,Gotham City Rogues,Dan,Alexander Mattison,RB,MIN,,,,,,Rodrigo Blankenship,K,Rodrigo Blankenship,K
2021,The Comeback of Johnny Man-Zeer,Gavin,Matthew Stafford,QB,LAR,,,,,,Michael Pittman Jr.,BE,Michael Pittman Jr.,BE
2021,Ride of the Symphirrim,TSizz,Carson Wentz,QB,IND,,,,,,Browns D/ST,D/ST,Browns D/ST,D/ST
2020,John Loves Dogs,James,Tony Pollard,RB,DAL,,,,,,,,,
2020,FightOwens Fight!,Spear,Russell Gage,WR,ATL,,,,,,,,,
2021,Reverend Payne,Rob,Mike Davis,RB,ATL,,,,,,,,,
2021,. Cush .,Connor,Lamar Jackson,QB,BAL,,,,,,Robert Woods,WR,Robert Woods,WR
2021,Victim Complexes,Wes,Derek Carr,QB,LV,,,,,,,,,
2021,Seabass and the Fellas,Geoff,Russell Wilson,QB,SEA,,,,,,Marquise Brown,RB/WR,Marquise Brown,RB/WR
2021,Def Done After This Season,Ken,Panthers D/ST,DEF,CAR,,,,,,,,,
2021,Eat The Sandwich,Spencer,Isaiah McKenzie,WR,BUF,,,,,,,,,
2021,The Best In The World,Tom,Pat Freiermuth,TE,PIT,,,,,,,,,
2021,Gotham City Rogues,Dan,Van Jefferson,WR,LAR,,,,,,Rodrigo Blankenship,K,Rodrigo Blankenship,K
2021,The Comeback of Johnny Man-Zeer,Gavin,Mark Ingram II,RB,NO,,,,,,Michael Pittman Jr.,BE,Michael Pittman Jr.,BE
2021,Ride of the Symphirrim,TSizz,Myles Gaskin,RB,MIA,,,,,,Browns D/ST,D/ST,Browns D/ST,D/ST
2020,John Loves Dogs,James,Giovani Bernard,RB,CIN,,,,,,,,,
2020,FightOwens Fight!,Spear,Irv Smith Jr.,TE,MIN,,,,,,,,,
2021,Reverend Payne,Rob,TJ Hockenson,WR,DET,,,,,,,,,
2021,. Cush .,Connor,Cole Beasley,WR,BUF,,,,,,Robert Woods,WR,Robert Woods,WR
2021,Victim Complexes,Wes,Zach Pascal,WR,IND,,,,,,,,,
2021,Seabass and the Fellas,Geoff,Melvin Gordon III,RB,DEN,,,,,,Marquise Brown,RB/WR,Marquise Brown,RB/WR
2021,Def Done After This Season,Ken,Evan Engram,TE,NYG,,,,,,,,,
2021,Eat The Sandwich,Spencer,Cam Akers,RB,LAR,,,,,,,,,
2021,The Best In The World,Tom,Elijah Moore,WR,NYJ,,,,,,,,,
2021,Gotham City Rogues,Dan,Taysom Hill,QB,NO,,,,,,Rodrigo Blankenship,K,Rodrigo Blankenship,K
2021,The Comeback of Johnny Man-Zeer,Gavin,Ravens D/ST,DEF,BAL,,,,,,Michael Pittman Jr.,BE,Michael Pittman Jr.,BE
2021,Ride of the Symphirrim,TSizz,Kendrick Bourne,WR,NE,,,,,,Browns D/ST,D/ST,Browns D/ST,D/ST
2020,John Loves Dogs,James,Michael Pittman Jr.,WR,IND,,,,,,,,,
2020,FightOwens Fight!,Spear,Ronald Jones II,RB,TB,,,,,,,,,
2021,Reverend Payne,Rob,Jamaal Williams,RB,DET,,,,,,,,,
2021,. Cush .,Connor,Chubba Hubbard,RB,CAR,,,,,,Robert Woods,WR,Robert Woods,WR
2021,Victim Complexes,Wes,Tim Patrick,WR,DEN,,,,,,,,,
2021,Seabass and the Fellas,Geoff,Austin Hooper,TE,CLE,,,,,,Marquise Brown,RB/WR,Marquise Brown,RB/WR
2021,Def Done After This Season,Ken,Courtland Sutton,WR,DEN,,,,,,,,,
2021,Eat The Sandwich,Spencer,JK Dobbins,RB,BAL,,,,,,,,,
2021,The Best In The World,Tom,Nyheim Hines,RB,IND,,,,,,,,,
2021,Gotham City Rogues,Dan,Gabriel Davis,WR,BUF,,,,,,Rodrigo Blankenship,K,Rodrigo Blankenship,K
2021,The Comeback of Johnny Man-Zeer,Gavin,Allen Robinson II,WR,DAL,,,,,,Michael Pittman Jr.,BE,Michael Pittman Jr.,BE
2021,Ride of the Symphirrim,TSizz,Tre'Quan Smith,WR,NO,,,,,,Browns D/ST,D/ST,Browns D/ST,D/ST
2020,John Loves Dogs,James,Ben Roethlisberger,QB,PIT,,,,,,,,,
2020,FightOwens Fight!,Spear,Saquon Barkley,RB,NYG,,,,,,,,,
2021,. Cush .,Connor,Darius Slayton,WR,NYG,,,,,,Tony Pollard,BE,Tony Pollard,BE
2021,Victim Complexes,Wes,Tyler Conklin,TE,MIN,,,,,,,,,
2021,Seabass and the Fellas,Geoff,Jamison Crowder,WR,NYJ,,,,,,,,,
2021,Def Done After This Season,Ken,David Njoku,TE,CLE,,,,,,,,,
2021,Eat The Sandwich,Spencer,Raheem Mostert,RB,SF,,,,,,,,,
2021,The Best In The World,Tom,Rashod Bateman,WR,BAL,,,,,,,,,
2021,Gotham City Rogues,Dan,Allen Lazard,WR,GB,,,,,,,,,
2021,The Comeback of Johnny Man-Zeer,Gavin,Rashaad Penny,RB,SEA,,,,,,,,,
2021,Ride of the Symphirrim,TSizz,Donvan Peoples-Jones,WR,CLE,,,,,,,,,
2020,John Loves Dogs,James,Dallas Goedert,TE,PHI,,,,,,,,,
2020,FightOwens Fight!,Spear,Nyheim Hines,RB,IND,,,,,,,,,
2021,. Cush .,Connor,D'Ernest Johnson,RB,CLE,,,,,,,,,
2021,Victim Complexes,Wes,Tevin Coleman,RB,NYJ,,,,,,,,,
2021,Seabass and the Fellas,Geoff,Rex Burkhead,RB,HOU,,,,,,,,,
2021,Eat The Sandwich,Spencer,JD McKissic,RB,WAS,,,,,,,,,
2021,The Best In The World,Tom,Calvin Ridley,WR,ATL,,,,,,,,,
2021,The Comeback of Johnny Man-Zeer,Gavin,AJ Brown,WR,TEN,,,,,,,,,
2021,Ride of the Symphirrim,TSizz,Derrick Henry,RB,TEN,,,,,,,,,
2021,Reverend Payne,Rob,Chris Carson,RB,SEA,,,,,,,,,
2021,. Cush .,Connor,Christian McCaffrey,RB,CAR,,,,,,,,,
2021,Victim Complexes,Wes,Michael Carter,RB,NYJ,,,,,,,,,
2021,Eat The Sandwich,Spencer,Adam Thielen,WR,MIN,,,,,,,,,
2021,Victim Complexes,Wes,Quintez Cephus,WR,DET,,,,,,,,,
,,,,,,,,,,,,,,
,,,,,,,,,,,,,,
,,,,,,,,,,,,,,
,,,,,,,,,,,,,,
,,,,,,,,,,,,,,
2020,Victim Complexes,Wes,Justin Herbert,QB,LAC,,,,,,,,,
,,,,,,,,,,,,,,
,,,,,,,,,,,,,,
,,,,,,,,,,,,,,
,,,,,,,,,,,,,,
,,,,,,,,,,,,,,
,,,,,,,,,,,,,,
2020,Victim Complexes,Wes,Ezekiel Elliott,RB,DAL,,,,,,,,,
,,,,,,,,,,,,,,
,,,,,,,,,,,,,,
,,,,,,,,,,,,,,
,,,,,,,,,,,,,,
,,,,,,,,,,,,,,
,,,,,,,,,,,,,,
2020,Victim Complexes,Wes,Aaron Jones,RB,GB,,,,,,,,,
,,,,,,,,,,,,,,
,,,,,,,,,,,,,,
,,,,,,,,,,,,,,
,,,,,,,,,,,,,,
,,,,,,,,,,,,,,
,,,,,,,,,,,,,,
2020,Victim Complexes,Wes,Adam Thielen,WR,MIN,,,,,,,,,
,,,,,,,,,,,,,,
,,,,,,,,,,,,,,
,,,,,,,,,,,,,,
,,,,,,,,,,,,,,
,,,,,,,,,,,,,,
2020,Victim Complexes,Wes,Emmanuel Sanders,WR,NO,,,,,,,,,
,,,,,,,,,,,,,,
,,,,,,,,,,,,,,
,,,,,,,,,,,,,,
,,,,,,,,,,,,,,
,,,,,,,,,,,,,,
2020,Victim Complexes,Wes,Diontae Johnson,WR,PIT,,,,,,,,,
,,,,,,,,,,,,,,
,,,,,,,,,,,,,,
,,,,,,,,,,,,,,
,,,,,,,,,,,,,,
,,,,,,,,,,,,,,
2020,Victim Complexes,Wes,Chris Carson,RB,SEA,,,,,,,,,
,,,,,,,,,,,,,,
,,,,,,,,,,,,,,
,,,,,,,,,,,,,,
,,,,,,,,,,,,,,
,,,,,,,,,,,,,,
2020,Victim Complexes,Wes,Titans D/ST,DEF,TEN,,,,,,,,,
,,,,,,,,,,,,,,
,,,,,,,,,,,,,,
,,,,,,,,,,,,,,
,,,,,,,,,,,,,,
,,,,,,,,,,,,,,
2020,Victim Complexes,Wes,Graham Gano,K,NYG,,,,,,,,,
,,,,,,,,,,,,,,
,,,,,,,,,,,,,,
,,,,,,,,,,,,,,
,,,,,,,,,,,,,,
,,,,,,,,,,,,,,
2020,Victim Complexes,Wes,Henry Ruggs III,WR,LV,,,,,,,,,
,,,,,,,,,,,,,,
,,,,,,,,,,,,,,
,,,,,,,,,,,,,,
,,,,,,,,,,,,,,
,,,,,,,,,,,,,,
2020,Victim Complexes,Wes,J.D. McKissic,RB,WAS,,,,,,,,,
,,,,,,,,,,,,,,
,,,,,,,,,,,,,,
,,,,,,,,,,,,,,
,,,,,,,,,,,,,,
,,,,,,,,,,,,,,
2020,Victim Complexes,Wes,Tua Tagovailoa,QB,MIA,,,,,,,,,
,,,,,,,,,,,,,,
,,,,,,,,,,,,,,
,,,,,,,,,,,,,,
,,,,,,,,,,,,,,
,,,,,,,,,,,,,,
2020,Victim Complexes,Wes,Tom Brady,QB,TB,,,,,,,,,
,,,,,,,,,,,,,,
,,,,,,,,,,,,,,
,,,,,,,,,,,,,,
,,,,,,,,,,,,,,
,,,,,,,,,,,,,,
2020,Victim Complexes,Wes,Michael Gallup,WR,DAL,,,,,,,,,
,,,,,,,,,,,,,,
,,,,,,,,,,,,,,
,,,,,,,,,,,,,,
,,,,,,,,,,,,,,
,,,,,,,,,,,,,,
2020,Victim Complexes,Wes,Jared Cook,TE,NO,,,,,,,,,
,,,,,,,,,,,,,,
,,,,,,,,,,,,,,
,,,,,,,,,,,,,,
,,,,,,,,,,,,,,
,,,,,,,,,,,,,,
2020,Victim Complexes,Wes,Mark Andrews,TE,BAL,,,,,,,,,
,,,,,,,,,,,,,,
,,,,,,,,,,,,,,
,,,,,,,,,,,,,,
,,,,,,,,,,,,,,
,,,,,,,,,,,,,,
2021,John Loves Dogs,James,Josh Allen,QB,BUF,,,,,,,,,
2021,John Loves Dogs,James,Austin Ekeler,RB,LAC,,,,,,,,,
2021,John Loves Dogs,James,Elijah Mitchell,RB,SF,,,,,,,,,
2021,John Loves Dogs,James,Davante Adams,WR,GB,,,,,,,,,
2021,John Loves Dogs,James,Cooper Kupp,WR,LAR,,,,,,,,,
2021,John Loves Dogs,James,Antonio Brown,WR,TB,,,,,,,,,
2021,John Loves Dogs,James,Keenan Allen,WR,LAC,,,,,,,,,
2021,John Loves Dogs,James,Rob Gronkowski,TE,TB,,,,,,,,,
2021,John Loves Dogs,James,Dolphins D/ST,DEF,MIA,,,,,,,,,
2021,John Loves Dogs,James,Jake Elliott,K,PHI,,,,,,,,,
2021,John Loves Dogs,James,Kareem Hunt,RB,CLE,,,,,,,,,
2021,John Loves Dogs,James,Brandon Aiyuk,WR,SF,,,,,,,,,
2021,John Loves Dogs,James,Jeff Wilson Jr,RB,SF,,,,,,,,,
2021,John Loves Dogs,James,DeVante Parker,WR,MIA,,,,,,,,,
2021,John Loves Dogs,James,Justin Jackson,RB,LAC,,,,,,,,,
2021,John Loves Dogs,James,D'Onta Foreman,RB,TEN,,,,,,,,,
2021,John Loves Dogs,James,Travis Etienne,RB,JAX,,,,,,,,,
2021,Reverend Payne,Rob,Rhamondre Stevenson,RB,NE,,,,,,,,,
