Season,Overall Pick,Round,Round Pick,Team,Owner,Player ID,Player Name,Keeper
2012,1,1,1,Team McFarland,Ken,12497,Arian Foster,No
2012,2,1,2,Best Served Hot,Ed,11289,Ray Rice,No
2012,3,1,3,Wearing Sperrys Popping Cherrys,Carson,12514,LeSean McCoy,No
2012,4,1,4,Gotham City Rogues,Dan,2330,Tom Brady,No
2012,5,1,5,The Elite Eli's,Gavin,8439,Aaron Rodgers,No
2012,6,1,6,Rapid City Monuments,Tsizz,2580,Drew Brees,No
2012,7,1,7,Team Charles,Charles,11258,Chris Johnson,No
2012,8,1,8,Former ShepaugTeacher,Spear,10447,Calvin Johnson,No
2012,9,1,9,Salsa Dancing,Tom,9646,Maurice Jones-Drew,No
2012,10,1,10,The Thirteenth District,James,12483,Matthew Stafford,No
2012,11,1,11,Eat The Sandwich,Spencer,13994,Cam Newton,No
2012,12,1,12,Team No College Yet,Dylan,5528,Larry Fitzgerald,No
2012,13,2,1,Team No College Yet,Dylan,4461,Andre Johnson,No
2012,14,2,2,Eat The Sandwich,Spencer,11278,Matt Forte,No
2012,15,2,3,The Thirteenth District,James,13229,Rob Gronkowski,No
2012,16,2,4,Salsa Dancing,Tom,10456,Marshawn Lynch,No
2012,17,2,5,Former ShepaugTeacher,Spear,8442,Roddy White,No
2012,18,2,6,Team Charles,Charles,9638,Greg Jennings,No
2012,19,2,7,Rapid City Monuments,Tsizz,14005,DeMarco Murray,No
2012,20,2,8,The Elite Eli's,Gavin,12601,Mike Wallace,No
2012,21,2,9,Gotham City Rogues,Dan,5941,Wes Welker,No
2012,22,2,10,Wearing Sperrys Popping Cherrys,Carson,13232,Jimmy Graham,No
2012,23,2,11,Best Served Hot,Ed,11307,Jamaal Charles,No
2012,24,2,12,Team McFarland,Ken,13200,Tim Tebow,No
2012,25,3,1,Team McFarland,Ken,13553,Victor Cruz,No
2012,26,3,2,Best Served Hot,Ed,10452,Adrian Peterson,No
2012,27,3,3,Wearing Sperrys Popping Cherrys,Carson,12586,Hakeem Nicks,No
2012,28,3,4,Gotham City Rogues,Dan,11238,Darren McFadden,No
2012,29,3,5,The Elite Eli's,Gavin,13983,A.J. Green,No
2012,30,3,6,Rapid City Monuments,Tsizz,13982,Julio Jones,No
2012,31,3,7,Team Charles,Charles,5526,Eli Manning,No
2012,32,3,8,Former ShepaugTeacher,Spear,13204,Ryan Mathews,No
2012,33,3,9,Salsa Dancing,Tom,9705,Brandon Marshall,No
2012,34,3,10,The Thirteenth District,James,5549,Steven Jackson,No
2012,35,3,11,Eat The Sandwich,Spencer,8544,Darren Sproles,No
2012,36,3,12,Team No College Yet,Dylan,2549,Michael Vick,No
2012,37,4,1,Team No College Yet,Dylan,10195,Fred Jackson,No
2012,38,4,2,Eat The Sandwich,Spencer,2622,Steve Smith,No
2012,39,4,3,The Thirteenth District,James,11270,Jordy Nelson,No
2012,40,4,4,Salsa Dancing,Tom,1428,Peyton Manning,No
2012,41,4,5,Former ShepaugTeacher,Spear,14884,Trent Richardson,No
2012,42,4,6,Team Charles,Charles,5679,Michael Turner,No
2012,43,4,7,Rapid City Monuments,Tsizz,13230,Aaron Hernandez,No
2012,44,4,8,The Elite Eli's,Gavin,8479,Frank Gore,No
2012,45,4,9,Gotham City Rogues,Dan,9838,Marques Colston,No
2012,46,4,10,Wearing Sperrys Popping Cherrys,Carson,13215,Dez Bryant,No
2012,47,4,11,Best Served Hot,Ed,5209,Tony Romo,No
2012,48,4,12,Team McFarland,Ken,10693,Ahmad Bradshaw,No
2012,49,5,1,Team McFarland,Ken,4459,Carson Palmer,No
2012,50,5,2,Best Served Hot,Ed,4582,Brandon Lloyd,No
2012,51,5,3,Wearing Sperrys Popping Cherrys,Carson,4481,Willis McGahee,No
2012,52,5,4,Gotham City Rogues,Dan,12569,Percy Harvin,No
2012,53,5,5,The Elite Eli's,Gavin,8475,Vincent Jackson,No
2012,54,5,6,Rapid City Monuments,Tsizz,-16033,Ravens D/ST,No
2012,55,5,7,Team Charles,Charles,9588,Reggie Bush,No
2012,56,5,8,Former ShepaugTeacher,Spear,11754,BenJarvus Green-Ellis,No
2012,57,5,9,Salsa Dancing,Tom,5362,Antonio Gates,No
2012,58,5,10,The Thirteenth District,James,10467,Dwayne Bowe,No
2012,59,5,11,Eat The Sandwich,Spencer,9592,Vernon Davis,No
2012,60,5,12,Team No College Yet,Dylan,11247,Jonathan Stewart,No
2012,61,6,1,Team No College Yet,Dylan,14028,Stevan Ridley,No
2012,62,6,2,Eat The Sandwich,Spencer,13216,Demaryius Thomas,No
2012,63,6,3,The Thirteenth District,James,11458,Steve Johnson,No
2012,64,6,4,Salsa Dancing,Tom,13934,Antonio Brown,No
2012,65,6,5,Former ShepaugTeacher,Spear,12579,Jeremy Maclin,No
2012,66,6,6,Team Charles,Charles,10147,Miles Austin,No
2012,67,6,7,Rapid City Monuments,Tsizz,13210,Ben Tate,No
2012,68,6,8,The Elite Eli's,Gavin,12500,Shonn Greene,No
2012,69,6,9,Gotham City Rogues,Dan,14192,Roy Helu,No
2012,70,6,10,Wearing Sperrys Popping Cherrys,Carson,5529,Philip Rivers,No
2012,71,6,11,Best Served Hot,Ed,13271,Eric Decker,No
2012,72,6,12,Team McFarland,Ken,15741,Lance Lewis,No
2012,73,7,1,Team McFarland,Ken,15722,Zach Brown,No
2012,74,7,2,Best Served Hot,Ed,11325,Jermichael Finley,No
2012,75,7,3,Wearing Sperrys Popping Cherrys,Carson,1231,Tony Gonzalez,No
2012,76,7,4,Gotham City Rogues,Dan,11283,DeSean Jackson,No
2012,77,7,5,The Elite Eli's,Gavin,10471,Robert Meachem,No
2012,78,7,6,Rapid City Monuments,Tsizz,11439,Pierre Garcon,No
2012,79,7,7,Team Charles,Charles,14032,Torrey Smith,No
2012,80,7,8,Former ShepaugTeacher,Spear,11237,Matt Ryan,No
2012,81,7,9,Salsa Dancing,Tom,14885,Doug Martin,No
2012,82,7,10,The Thirteenth District,James,12525,Beanie Wells,No
2012,83,7,11,Eat The Sandwich,Spencer,8419,Cedric Benson,No
2012,84,7,12,Team No College Yet,Dylan,12556,Kenny Britt,No
2012,85,8,1,Team No College Yet,Dylan,9613,DeAngelo Williams,No
2012,86,8,2,Eat The Sandwich,Spencer,2578,Reggie Wayne,No
2012,87,8,3,The Thirteenth District,James,13203,C.J. Spiller,No
2012,88,8,4,Salsa Dancing,Tom,6016,Malcom Floyd,No
2012,89,8,5,Former ShepaugTeacher,Spear,10544,Michael Bush,No
2012,90,8,6,Team Charles,Charles,5536,Ben Roethlisberger,No
2012,91,8,7,Rapid City Monuments,Tsizz,12549,Brandon Pettigrew,No
2012,92,8,8,The Elite Eli's,Gavin,11298,Kevin Smith,No
2012,93,8,9,Gotham City Rogues,Dan,5615,Matt Schaub,No
2012,94,8,10,Wearing Sperrys Popping Cherrys,Carson,14153,Denarius Moore,No
2012,95,8,11,Best Served Hot,Ed,9611,Santonio Holmes,No
2012,96,8,12,Team McFarland,Ken,14887,David Wilson,No
2012,97,9,1,Team McFarland,Ken,11282,Fred Davis,No
2012,98,9,2,Best Served Hot,Ed,11461,Peyton Hillis,No
2012,99,9,3,Wearing Sperrys Popping Cherrys,Carson,-16025,49ers D/ST,No
2012,100,9,4,Gotham City Rogues,Dan,9307,Nate Washington,No
2012,101,9,5,The Elite Eli's,Gavin,4527,Jason Witten,No
2012,102,9,6,Rapid City Monuments,Tsizz,14012,Andy Dalton,No
2012,103,9,7,Team Charles,Charles,12898,Isaac Redman,No
2012,104,9,8,Former ShepaugTeacher,Spear,13981,Mark Ingram,No
2012,105,9,9,Salsa Dancing,Tom,14875,Robert Griffin III,No
2012,106,9,10,The Thirteenth District,James,4512,Anquan Boldin,No
2012,107,9,11,Eat The Sandwich,Spencer,-16034,Texans D/ST,No
2012,108,9,12,Team No College Yet,Dylan,9400,Lance Moore,No
2012,109,10,1,Team No College Yet,Dylan,13211,Toby Gerhart,No
2012,110,10,2,Eat The Sandwich,Spencer,9597,Jay Cutler,No
2012,111,10,3,The Thirteenth District,James,-16003,Bears D/ST,No
2012,112,10,4,Salsa Dancing,Tom,12489,Donald Brown,No
2012,113,10,5,Former ShepaugTeacher,Spear,12563,Michael Crabtree,No
2012,114,10,6,Team Charles,Charles,14017,Shane Vereen,No
2012,115,10,7,Rapid City Monuments,Tsizz,11257,Rashard Mendenhall,No
2012,116,10,8,The Elite Eli's,Gavin,14051,Ryan Williams,No
2012,117,10,9,Gotham City Rogues,Dan,14907,Justin Blackmon,No
2012,118,10,10,Wearing Sperrys Popping Cherrys,Carson,11252,Joe Flacco,No
2012,119,10,11,Best Served Hot,Ed,12473,Josh Freeman,No
2012,120,10,12,Team McFarland,Ken,9704,Stephen Gostkowski,No
2012,121,11,1,Team McFarland,Ken,-16001,Falcons D/ST,No
2012,122,11,2,Best Served Hot,Ed,10488,Sidney Rice,No
2012,123,11,3,Wearing Sperrys Popping Cherrys,Carson,-16019,Giants D/ST,No
2012,124,11,4,Gotham City Rogues,Dan,12537,Jared Cook,No
2012,125,11,5,The Elite Eli's,Gavin,8416,Alex Smith,No
2012,126,11,6,Rapid City Monuments,Tsizz,12570,Darrius Heyward-Bey,No
2012,127,11,7,Team Charles,Charles,11373,Jacob Tamme,No
2012,128,11,8,Former ShepaugTeacher,Spear,14034,Titus Young,No
2012,129,11,9,Salsa Dancing,Tom,1433,Randy Moss,No
2012,130,11,10,The Thirteenth District,James,11329,Mario Manningham,No
2012,131,11,11,Eat The Sandwich,Spencer,10636,Mason Crosby,No
2012,132,11,12,Team No College Yet,Dylan,9684,Owen Daniels,No
2012,133,12,1,Team No College Yet,Dylan,11256,Felix Jones,No
2012,134,12,2,Eat The Sandwich,Spencer,1716,David Akers,No
2012,135,12,3,The Thirteenth District,James,2148,Sebastian Janikowski,No
2012,136,12,4,Salsa Dancing,Tom,14911,Rueben Randle,No
2012,137,12,5,Former ShepaugTeacher,Spear,14056,Daniel Thomas,No
2012,138,12,6,Team Charles,Charles,14021,Leonard Hankerson,No
2012,139,12,7,Rapid City Monuments,Tsizz,10605,Brent Celek,No
2012,140,12,8,The Elite Eli's,Gavin,12724,Bernard Scott,No
2012,141,12,9,Gotham City Rogues,Dan,-16021,Eagles D/ST,No
2012,142,12,10,Wearing Sperrys Popping Cherrys,Carson,11543,Garrett Hartley,No
2012,143,12,11,Best Served Hot,Ed,10713,Pierre Thomas,No
2012,144,12,12,Team McFarland,Ken,13986,Jon Baldwin,No
2012,145,13,1,Team McFarland,Ken,11264,Dustin Keller,No
2012,146,13,2,Best Served Hot,Ed,-16026,Seahawks D/ST,No
2012,147,13,3,Wearing Sperrys Popping Cherrys,Carson,4529,Nate Burleson,No
2012,148,13,4,Gotham City Rogues,Dan,11122,Matt Prater,No
2012,149,13,5,The Elite Eli's,Gavin,10519,Laurent Robinson,No
2012,150,13,6,Rapid City Monuments,Tsizz,9354,Robbie Gould,No
2012,151,13,7,Team Charles,Charles,-16023,Steelers D/ST,No
2012,152,13,8,Former ShepaugTeacher,Spear,-16020,Jets D/ST,No
2012,153,13,9,Salsa Dancing,Tom,13213,LeGarrette Blount,No
2012,154,13,10,The Thirteenth District,James,14874,Andrew Luck,No
2012,155,13,11,Eat The Sandwich,Spencer,11658,Mike Tolbert,No
2012,156,13,12,Team No College Yet,Dylan,13197,Sam Bradford,No
2012,157,14,1,Team No College Yet,Dylan,13489,Mike Williams,No
2012,158,14,2,Eat The Sandwich,Spencer,14909,Kendall Wright,No
2012,159,14,3,The Thirteenth District,James,-16008,Lions D/ST,No
2012,160,14,4,Salsa Dancing,Tom,-16009,Packers D/ST,No
2012,161,14,5,Former ShepaugTeacher,Spear,8664,Ryan Fitzpatrick,No
2012,162,14,6,Team Charles,Charles,14322,Dan Bailey,No
2012,163,14,7,Rapid City Monuments,Tsizz,8524,Brandon Jacobs,No
2012,164,14,8,The Elite Eli's,Gavin,8644,Matt Cassel,No
2012,165,14,9,Gotham City Rogues,Dan,13228,Jermaine Gresham,No
2012,166,14,10,Wearing Sperrys Popping Cherrys,Carson,12503,Rashad Jennings,No
2012,167,14,11,Best Served Hot,Ed,14123,Alex Henery,No
2012,168,14,12,Team McFarland,Ken,14024,Greg Little,No
2012,169,15,1,Team McFarland,Ken,9235,Rob Bironas,No
2012,170,15,2,Best Served Hot,Ed,13206,Jonathan Dwyer,No
2012,171,15,3,Wearing Sperrys Popping Cherrys,Carson,12576,Brandon LaFell,No
2012,172,15,4,Gotham City Rogues,Dan,8417,Ronnie Brown,No
2012,173,15,5,The Elite Eli's,Gavin,-16002,Bills D/ST,No
2012,174,15,6,Rapid City Monuments,Tsizz,10495,Steve Smith,No
2012,175,15,7,Team Charles,Charles,13214,James Starks,No
2012,176,15,8,Former ShepaugTeacher,Spear,11295,Martellus Bennett,No
2012,177,15,9,Salsa Dancing,Tom,10475,Greg Olsen,No
2012,178,15,10,The Thirteenth District,James,8461,Mike Nugent,No
2012,179,15,11,Eat The Sandwich,Spencer,14900,Coby Fleener,No
2012,180,15,12,Team No College Yet,Dylan,4333,Matt Bryant,No
2012,181,16,1,Team No College Yet,Dylan,-16006,Cowboys D/ST,No
2012,182,16,2,Eat The Sandwich,Spencer,14077,Delone Carter,No
2012,183,16,3,The Thirteenth District,James,14054,Kyle Rudolph,No
2012,184,16,4,Salsa Dancing,Tom,286,Jason Hanson,No
2012,185,16,5,Former ShepaugTeacher,Spear,3504,Shayne Graham,No
2012,186,16,6,Team Charles,Charles,14105,Evan Royster,No
2012,187,16,7,Rapid City Monuments,Tsizz,9614,Marcedes Lewis,No
2012,188,16,8,The Elite Eli's,Gavin,5590,Nate Kaeding,No
2012,189,16,9,Gotham City Rogues,Dan,14159,Kendall Hunter,No
2012,190,16,10,Wearing Sperrys Popping Cherrys,Carson,15009,Alfred Morris,No
2012,191,16,11,Best Served Hot,Ed,10522,James Jones,No
2012,192,16,12,Team McFarland,Ken,11678,Davone Bess,No
2013,1,1,1,Caucasion Sasquatch,Ken,12497,Arian Foster,Yes
2013,2,1,2,Team No College Yet,Dylan,5528,Larry Fitzgerald,Yes
2013,3,1,3,Rapid City Monuments,Tsizz,2580,Drew Brees,Yes
2013,4,1,4,The Elite Eli's,Gavin,8439,Aaron Rodgers,Yes
2013,5,1,5,Team Charles,Charles,11258,Chris Johnson,Yes
2013,6,1,6,Wearing Sperrys Popping Cherrys,Carson,13215,Dez Bryant,Yes
2013,7,1,7,Best Served Hot,Ed,10452,Adrian Peterson,Yes
2013,8,1,8,Salsa Dancing,Tom,14885,Doug Martin,Yes
2013,9,1,9,The Thirteenth District,James,13203,C.J. Spiller,Yes
2013,10,1,10,Gotham City Rogues,Dan,2330,Tom Brady,Yes
2013,11,1,11,Former ShepaugTeacher,Spear,10447,Calvin Johnson,Yes
2013,12,1,12,Eat The Sandwich,Spencer,11278,Matt Forte,Yes
2013,13,2,1,Caucasion Sasquatch,Ken,5526,Eli Manning,No
2013,14,2,2,Team No College Yet,Dylan,10456,Marshawn Lynch,No
2013,15,2,3,Rapid City Monuments,Tsizz,11289,Ray Rice,No
2013,16,2,4,The Elite Eli's,Gavin,11307,Jamaal Charles,No
2013,17,2,5,Team Charles,Charles,14884,Trent Richardson,No
2013,18,2,6,Wearing Sperrys Popping Cherrys,Carson,1428,Peyton Manning,No
2013,19,2,7,Best Served Hot,Ed,15009,Alfred Morris,No
2013,20,2,8,Salsa Dancing,Tom,13983,A.J. Green,No
2013,21,2,9,The Thirteenth District,James,12514,LeSean McCoy,No
2013,22,2,10,Gotham City Rogues,Dan,14028,Stevan Ridley,No
2013,23,2,11,Former ShepaugTeacher,Spear,5549,Steven Jackson,No
2013,24,2,12,Eat The Sandwich,Spencer,13982,Julio Jones,No
2013,25,3,1,Eat The Sandwich,Spencer,13994,Cam Newton,No
2013,26,3,2,Former ShepaugTeacher,Spear,9705,Brandon Marshall,No
2013,27,3,3,Gotham City Rogues,Dan,8479,Frank Gore,No
2013,28,3,4,The Thirteenth District,James,9646,Maurice Jones-Drew,No
2013,29,3,5,Salsa Dancing,Tom,14887,David Wilson,No
2013,30,3,6,Best Served Hot,Ed,11237,Matt Ryan,No
2013,31,3,7,Wearing Sperrys Popping Cherrys,Carson,5941,Wes Welker,No
2013,32,3,8,Team Charles,Charles,13216,Demaryius Thomas,No
2013,33,3,9,The Elite Eli's,Gavin,8442,Roddy White,No
2013,34,3,10,Rapid City Monuments,Tsizz,8475,Vincent Jackson,No
2013,35,3,11,Team No College Yet,Dylan,13232,Jimmy Graham,No
2013,36,3,12,Caucasion Sasquatch,Ken,10693,Ahmad Bradshaw,No
2013,37,4,1,Caucasion Sasquatch,Ken,13587,Chris Ivory,No
2013,38,4,2,Team No College Yet,Dylan,4461,Andre Johnson,No
2013,39,4,3,Rapid City Monuments,Tsizz,13229,Rob Gronkowski,No
2013,40,4,4,The Elite Eli's,Gavin,14053,Randall Cobb,No
2013,41,4,5,Team Charles,Charles,13553,Victor Cruz,No
2013,42,4,6,Wearing Sperrys Popping Cherrys,Carson,9588,Reggie Bush,No
2013,43,4,7,Best Served Hot,Ed,9838,Marques Colston,No
2013,44,4,8,Salsa Dancing,Tom,14001,Colin Kaepernick,No
2013,45,4,9,The Thirteenth District,James,2578,Reggie Wayne,No
2013,46,4,10,Team No College Yet,Dan,11674,Danny Amendola,No
2013,47,4,11,Former ShepaugTeacher,Spear,11238,Darren McFadden,No
2013,48,4,12,Eat The Sandwich,Spencer,8544,Darren Sproles,No
2013,49,5,1,Eat The Sandwich,Spencer,1231,Tony Gonzalez,No
2013,50,5,2,Former ShepaugTeacher,Spear,15848,Eddie Lacy,No
2013,51,5,3,Gotham City Rogues,Dan,12601,Mike Wallace,No
2013,52,5,4,The Thirteenth District,James,12483,Matthew Stafford,No
2013,53,5,5,Salsa Dancing,Tom,10467,Dwayne Bowe,No
2013,54,5,6,Best Served Hot,Ed,9613,DeAngelo Williams,No
2013,55,5,7,Wearing Sperrys Popping Cherrys,Carson,14875,Robert Griffin III,No
2013,56,5,8,Team Charles,Charles,2622,Steve Smith,No
2013,57,5,9,The Elite Eli's,Gavin,15823,Montee Ball,No
2013,58,5,10,Rapid City Monuments,Tsizz,14005,DeMarco Murray,No
2013,59,5,11,Team No College Yet,Dylan,12586,Hakeem Nicks,No
2013,60,5,12,Caucasion Sasquatch,Ken,10522,James Jones,No
2013,61,6,1,Caucasion Sasquatch,Ken,9592,Vernon Davis,No
2013,62,6,2,Team No College Yet,Dylan,14886,Lamar Miller,No
2013,63,6,3,Rapid City Monuments,Tsizz,13271,Eric Decker,No
2013,64,6,4,The Elite Eli's,Gavin,13204,Ryan Mathews,No
2013,65,6,5,Team Charles,Charles,14881,Russell Wilson,No
2013,66,6,6,Wearing Sperrys Popping Cherrys,Carson,4527,Jason Witten,No
2013,67,6,7,Best Served Hot,Ed,13934,Antonio Brown,No
2013,68,6,8,Salsa Dancing,Tom,11270,Jordy Nelson,No
2013,69,6,9,The Thirteenth District,James,11439,Pierre Garcon,No
2013,70,6,10,Team No College Yet,Dan,15786,Tavon Austin,No
2013,71,6,11,Former ShepaugTeacher,Spear,14184,Cecil Shorts,No
2013,72,6,12,Eat The Sandwich,Spencer,14017,Shane Vereen,No
2013,73,7,1,Eat The Sandwich,Spencer,14924,T.Y. Hilton,No
2013,74,7,2,Former ShepaugTeacher,Spear,14874,Andrew Luck,No
2013,75,7,3,Gotham City Rogues,Dan,11283,DeSean Jackson,No
2013,76,7,4,The Thirteenth District,James,14032,Torrey Smith,No
2013,77,7,5,Salsa Dancing,Tom,11458,Steve Johnson,No
2013,78,7,6,Best Served Hot,Ed,11325,Jermichael Finley,No
2013,79,7,7,Wearing Sperrys Popping Cherrys,Carson,9638,Greg Jennings,No
2013,80,7,8,Team Charles,Charles,4512,Anquan Boldin,No
2013,81,7,9,The Elite Eli's,Gavin,10488,Sidney Rice,No
2013,82,7,10,Rapid City Monuments,Tsizz,-16026,Seahawks D/ST,No
2013,83,7,11,Team No College Yet,Dylan,5209,Tony Romo,No
2013,84,7,12,Caucasion Sasquatch,Ken,9400,Lance Moore,No
2013,85,8,1,Caucasion Sasquatch,Ken,5362,Antonio Gates,No
2013,86,8,2,Team No College Yet,Dylan,14054,Kyle Rudolph,No
2013,87,8,3,Rapid City Monuments,Tsizz,9684,Owen Daniels,No
2013,88,8,4,The Elite Eli's,Gavin,12705,Brandon Myers,No
2013,89,8,5,Team Charles,Charles,15826,Giovani Bernard,No
2013,90,8,6,Wearing Sperrys Popping Cherrys,Carson,11754,BenJarvus Green-Ellis,No
2013,91,8,7,Best Served Hot,Ed,10147,Miles Austin,No
2013,92,8,8,Salsa Dancing,Tom,10475,Greg Olsen,No
2013,93,8,9,The Thirteenth District,James,15111,Daryl Richardson,No
2013,94,8,10,Team No College Yet,Dan,-16025,49ers D/ST,No
2013,95,8,11,Former ShepaugTeacher,Spear,11257,Rashard Mendenhall,No
2013,96,8,12,Eat The Sandwich,Spencer,14012,Andy Dalton,No
2013,97,9,1,Eat The Sandwich,Spencer,13295,Emmanuel Sanders,No
2013,98,9,2,Former ShepaugTeacher,Spear,14898,Vick Ballard,No
2013,99,9,3,Gotham City Rogues,Dan,11295,Martellus Bennett,No
2013,100,9,4,The Thirteenth District,James,-16034,Texans D/ST,No
2013,101,9,5,Salsa Dancing,Tom,5536,Ben Roethlisberger,No
2013,102,9,6,Best Served Hot,Ed,-16003,Bears D/ST,No
2013,103,9,7,Wearing Sperrys Popping Cherrys,Carson,-16004,Bengals D/ST,No
2013,104,9,8,Team Charles,Charles,13489,Mike Williams,No
2013,105,9,9,The Elite Eli's,Gavin,13981,Mark Ingram,No
2013,106,9,10,Rapid City Monuments,Tsizz,2549,Michael Vick,No
2013,107,9,11,Team No College Yet,Dylan,14888,Isaiah Pead,No
2013,108,9,12,Caucasion Sasquatch,Ken,-16023,Steelers D/ST,No
2013,109,10,1,Caucasion Sasquatch,Ken,11252,Joe Flacco,No
2013,110,10,2,Team No College Yet,Dylan,15825,Le'Veon Bell,No
2013,111,10,3,Rapid City Monuments,Tsizz,12556,Kenny Britt,No
2013,112,10,4,The Elite Eli's,Gavin,-16017,Patriots D/ST,No
2013,113,10,5,Team Charles,Charles,12537,Jared Cook,No
2013,114,10,6,Wearing Sperrys Popping Cherrys,Carson,13217,Golden Tate,No
2013,115,10,7,Best Served Hot,Ed,13210,Ben Tate,No
2013,116,10,8,Salsa Dancing,Tom,14911,Rueben Randle,No
2013,117,10,9,The Thirteenth District,James,10195,Fred Jackson,No
2013,118,10,10,Team No College Yet,Dan,15078,Chris Givens,No
2013,119,10,11,Former ShepaugTeacher,Spear,14153,Denarius Moore,No
2013,120,10,12,Eat The Sandwich,Spencer,14189,Jordan Cameron,No
2013,121,11,1,Eat The Sandwich,Spencer,15092,Bryce Brown,No
2013,122,11,2,Former ShepaugTeacher,Spear,12898,Isaac Redman,No
2013,123,11,3,Gotham City Rogues,Dan,14891,Bernard Pierce,No
2013,124,11,4,The Thirteenth District,James,16418,Zach Sudfeld,No
2013,125,11,5,Salsa Dancing,Tom,16381,Kenbrell Thompkins,No
2013,126,11,6,Best Served Hot,Ed,15705,Josh Gordon,No
2013,127,11,7,Wearing Sperrys Popping Cherrys,Carson,9704,Stephen Gostkowski,No
2013,128,11,8,Team Charles,Charles,14912,Alshon Jeffery,No
2013,129,11,9,The Elite Eli's,Gavin,14027,Vincent Brown,No
2013,130,11,10,Rapid City Monuments,Tsizz,12516,Knowshon Moreno,No
2013,131,11,11,Team No College Yet,Dylan,14908,Michael Floyd,No
2013,132,11,12,Caucasion Sasquatch,Ken,15058,Blair Walsh,No
2013,133,12,1,Caucasion Sasquatch,Ken,14909,Kendall Wright,No
2013,134,12,2,Team No College Yet,Dylan,12500,Shonn Greene,No
2013,135,12,3,Rapid City Monuments,Tsizz,6016,Malcom Floyd,No
2013,136,12,4,The Elite Eli's,Gavin,14919,Ryan Broyles,No
2013,137,12,5,Team Charles,Charles,13197,Sam Bradford,No
2013,138,12,6,Wearing Sperrys Popping Cherrys,Carson,13206,Jonathan Dwyer,No
2013,139,12,7,Best Served Hot,Ed,14193,Jacquizz Rodgers,No
2013,140,12,8,Salsa Dancing,Tom,11282,Fred Davis,No
2013,141,12,9,The Thirteenth District,James,12549,Brandon Pettigrew,No
2013,142,12,10,Team No College Yet,Dan,9597,Jay Cutler,No
2013,143,12,11,Former ShepaugTeacher,Spear,-16007,Broncos D/ST,No
2013,144,12,12,Eat The Sandwich,Spencer,-16033,Ravens D/ST,No
2013,145,13,1,Eat The Sandwich,Spencer,14907,Justin Blackmon,No
2013,146,13,2,Former ShepaugTeacher,Spear,13536,Joique Bell,No
2013,147,13,3,Gotham City Rogues,Dan,12568,Brian Hartline,No
2013,148,13,4,The Thirteenth District,James,2148,Sebastian Janikowski,No
2013,149,13,5,Salsa Dancing,Tom,11788,Danny Woodhead,No
2013,150,13,6,Best Served Hot,Ed,14192,Roy Helu,No
2013,151,13,7,Wearing Sperrys Popping Cherrys,Carson,14895,Ronnie Hillman,No
2013,152,13,8,Team Charles,Charles,-16014,Rams D/ST,No
2013,153,13,9,The Elite Eli's,Gavin,4333,Matt Bryant,No
2013,154,13,10,Rapid City Monuments,Tsizz,15683,Justin Tucker,No
2013,155,13,11,Team No College Yet,Dylan,-16009,Packers D/ST,No
2013,156,13,12,Caucasion Sasquatch,Ken,14901,Dwayne Allen,No
2013,157,14,1,Caucasion Sasquatch,Ken,14204,Julius Thomas,No
2013,158,14,2,Team No College Yet,Dylan,15795,DeAndre Hopkins,No
2013,159,14,3,Rapid City Monuments,Tsizz,15855,Christine Michael,No
2013,160,14,4,The Elite Eli's,Gavin,13226,Andre Roberts,No
2013,161,14,5,Team Charles,Charles,11122,Matt Prater,No
2013,162,14,6,Wearing Sperrys Popping Cherrys,Carson,12490,Andre Brown,No
2013,163,14,7,Best Served Hot,Ed,1440,Phil Dawson,No
2013,164,14,8,Salsa Dancing,Tom,-16019,Giants D/ST,No
2013,165,14,9,The Thirteenth District,James,4459,Carson Palmer,No
2013,166,14,10,Team No College Yet,Dan,10544,Michael Bush,No
2013,167,14,11,Former ShepaugTeacher,Spear,15091,Randy Bullock,No
2013,168,14,12,Eat The Sandwich,Spencer,8444,Heath Miller,No
2013,169,15,1,Eat The Sandwich,Spencer,14052,Mikel Leshoure,No
2013,170,15,2,Former ShepaugTeacher,Spear,14129,Bilal Powell,No
2013,171,15,3,Gotham City Rogues,Dan,9307,Nate Washington,No
2013,172,15,4,The Thirteenth District,James,14024,Greg Little,No
2013,173,15,5,Salsa Dancing,Tom,15788,Tyler Eifert,No
2013,174,15,6,Best Served Hot,Ed,11658,Mike Tolbert,No
2013,175,15,7,Wearing Sperrys Popping Cherrys,Carson,4680,Josh Brown,No
2013,176,15,8,Team Charles,Charles,1716,David Akers,No
2013,177,15,9,The Elite Eli's,Gavin,10517,Jacoby Jones,No
2013,178,15,10,Rapid City Monuments,Tsizz,14900,Coby Fleener,No
2013,179,15,11,Team No College Yet,Dylan,12499,Mike Goodson,No
2013,180,15,12,Caucasion Sasquatch,Ken,14151,Jeremy Kerley,No
2013,181,16,1,Caucasion Sasquatch,Ken,11717,Marcel Reece,No
2013,182,16,2,Team No College Yet,Dylan,14322,Dan Bailey,No
2013,183,16,3,Rapid City Monuments,Tsizz,12473,Josh Freeman,No
2013,184,16,4,The Elite Eli's,Gavin,10713,Pierre Thomas,No
2013,185,16,5,Team Charles,Charles,14056,Daniel Thomas,No
2013,186,16,6,Wearing Sperrys Popping Cherrys,Carson,15925,Johnathan Franklin,No
2013,187,16,7,Best Served Hot,Ed,2564,Santana Moss,No
2013,188,16,8,Salsa Dancing,Tom,14993,Greg Zuerlein,No
2013,189,16,9,The Thirteenth District,James,15369,Lance Dunbar,No
2013,190,16,10,Team No College Yet,Dan,1097,Adam Vinatieri,No
2013,191,16,11,Former ShepaugTeacher,Spear,13228,Jermaine Gresham,No
2013,192,16,12,Eat The Sandwich,Spencer,11543,Garrett Hartley,No
2014,1,1,1,Team Foote Longs,Wes,10456,Marshawn Lynch,Yes
2014,2,1,2,Team Charles,Charles,14881,Russell Wilson,Yes
2014,3,1,3,Johnny Clipboards,Gavin,8439,Aaron Rodgers,Yes
2014,4,1,4,Salsa Dancing,Tom,13983,A.J. Green,Yes
2014,5,1,5,Caucasion Sasquatch,Ken,14204,Julius Thomas,Yes
2014,6,1,6,Two First Names,Spear,10447,Calvin Johnson,Yes
2014,7,1,7,Brookfield Brawlers,Rob,10452,Adrian Peterson,Yes
2014,8,1,8,The Thirteenth District,James,12514,LeSean McCoy,Yes
2014,9,1,9,Paper Thin Walls,Geoff,1428,Peyton Manning,Yes
2014,10,1,10,Rapid City Monuments,Tsizz,2580,Drew Brees,Yes
2014,11,1,11,Gotham City Rogues,Dan,14877,Nick Foles,Yes
2014,12,1,12,Eat The Sandwich,Spencer,11278,Matt Forte,Yes
2014,13,2,1,Team Foote Longs,Wes,11307,Jamaal Charles,No
2014,14,2,2,Team Charles,Charles,15848,Eddie Lacy,No
2014,15,2,3,Johnny Clipboards,Gavin,12497,Arian Foster,No
2014,16,2,4,Salsa Dancing,Tom,13232,Jimmy Graham,No
2014,17,2,5,Caucasion Sasquatch,Ken,13216,Demaryius Thomas,No
2014,18,2,6,Two First Names,Spear,9705,Brandon Marshall,No
2014,19,2,7,Brookfield Brawlers,Rob,13215,Dez Bryant,No
2014,20,2,8,The Thirteenth District,James,14005,DeMarco Murray,No
2014,21,2,9,Paper Thin Walls,Geoff,13982,Julio Jones,No
2014,22,2,10,Rapid City Monuments,Tsizz,14885,Doug Martin,No
2014,23,2,11,Gotham City Rogues,Dan,15009,Alfred Morris,No
2014,24,2,12,Eat The Sandwich,Spencer,14912,Alshon Jeffery,No
2014,25,3,1,Eat The Sandwich,Spencer,15826,Giovani Bernard,No
2014,26,3,2,Gotham City Rogues,Dan,13229,Rob Gronkowski,No
2014,27,3,3,Rapid City Monuments,Tsizz,11270,Jordy Nelson,No
2014,28,3,4,Paper Thin Walls,Geoff,15825,Le'Veon Bell,No
2014,29,3,5,The Thirteenth District,James,15823,Montee Ball,No
2014,30,3,6,Brookfield Brawlers,Rob,14875,Robert Griffin,No
2014,31,3,7,Two First Names,Spear,9588,Reggie Bush,No
2014,32,3,8,Caucasion Sasquatch,Ken,15996,Zac Stacy,No
2014,33,3,9,Salsa Dancing,Tom,4461,Andre Johnson,No
2014,34,3,10,Johnny Clipboards,Gavin,13934,Antonio Brown,No
2014,35,3,11,Team Charles,Charles,14053,Randall Cobb,No
2014,36,3,12,Team Foote Longs,Wes,13203,C.J. Spiller,No
2014,37,4,1,Team Foote Longs,Wes,5528,Larry Fitzgerald,No
2014,38,4,2,Team Charles,Charles,13210,Ben Tate,No
2014,39,4,3,Johnny Clipboards,Gavin,8475,Vincent Jackson,No
2014,40,4,4,Salsa Dancing,Tom,12483,Matthew Stafford,No
2014,41,4,5,Caucasion Sasquatch,Ken,8479,Frank Gore,No
2014,42,4,6,Two First Names,Spear,11439,Pierre Garcon,No
2014,43,4,7,Brookfield Brawlers,Rob,12649,Julian Edelman,No
2014,44,4,8,The Thirteenth District,James,13553,Victor Cruz,No
2014,45,4,9,Paper Thin Walls,Geoff,11283,DeSean Jackson,No
2014,46,4,10,Rapid City Monuments,Tsizz,15818,Keenan Allen,No
2014,47,4,11,Gotham City Rogues,Dan,5941,Wes Welker,No
2014,48,4,12,Eat The Sandwich,Spencer,14874,Andrew Luck,No
2014,49,5,1,Eat The Sandwich,Spencer,9592,Vernon Davis,No
2014,50,5,2,Gotham City Rogues,Dan,13204,Ryan Mathews,No
2014,51,5,3,Rapid City Monuments,Tsizz,14189,Jordan Cameron,No
2014,52,5,4,Paper Thin Walls,Geoff,15893,Andre Ellington,No
2014,53,5,5,The Thirteenth District,James,12563,Michael Crabtree,No
2014,54,5,6,Brookfield Brawlers,Rob,12569,Percy Harvin,No
2014,55,5,7,Two First Names,Spear,14884,Trent Richardson,No
2014,56,5,8,Caucasion Sasquatch,Ken,13994,Cam Newton,No
2014,57,5,9,Salsa Dancing,Tom,12503,Rashad Jennings,No
2014,58,5,10,Johnny Clipboards,Gavin,8442,Roddy White,No
2014,59,5,11,Team Charles,Charles,13211,Toby Gerhart,No
2014,60,5,12,Team Foote Longs,Wes,14032,Torrey Smith,No
2014,61,6,1,Team Foote Longs,Wes,12579,Jeremy Maclin,No
2014,62,6,2,Team Charles,Charles,14908,Michael Floyd,No
2014,63,6,3,Johnny Clipboards,Gavin,11289,Ray Rice,No
2014,64,6,4,Salsa Dancing,Tom,13295,Emmanuel Sanders,No
2014,65,6,5,Caucasion Sasquatch,Ken,14017,Shane Vereen,No
2014,66,6,6,Two First Names,Spear,15807,Cordarrelle Patterson,No
2014,67,6,7,Brookfield Brawlers,Rob,14028,Stevan Ridley,No
2014,68,6,8,The Thirteenth District,James,14909,Kendall Wright,No
2014,69,6,9,Paper Thin Walls,Geoff,2578,Reggie Wayne,No
2014,70,6,10,Rapid City Monuments,Tsizz,13536,Joique Bell,No
2014,71,6,11,Gotham City Rogues,Dan,12601,Mike Wallace,No
2014,72,6,12,Eat The Sandwich,Spencer,14924,T.Y. Hilton,No
2014,73,7,1,Eat The Sandwich,Spencer,9838,Marques Colston,No
2014,74,7,2,Gotham City Rogues,Dan,16794,Bishop Sankey,No
2014,75,7,3,Rapid City Monuments,Tsizz,16725,Sammy Watkins,No
2014,76,7,4,Paper Thin Walls,Geoff,11258,Chris Johnson,No
2014,77,7,5,The Thirteenth District,James,4527,Jason Witten,No
2014,78,7,6,Brookfield Brawlers,Rob,13217,Golden Tate,No
2014,79,7,7,Two First Names,Spear,10713,Pierre Thomas,No
2014,80,7,8,Caucasion Sasquatch,Ken,10195,Fred Jackson,No
2014,81,7,9,Salsa Dancing,Tom,14001,Colin Kaepernick,No
2014,82,7,10,Johnny Clipboards,Gavin,5549,Steven Jackson,No
2014,83,7,11,Team Charles,Charles,13271,Eric Decker,No
2014,84,7,12,Team Foote Longs,Wes,14221,Doug Baldwin,No
2014,85,8,1,Team Foote Longs,Wes,2330,Tom Brady,No
2014,86,8,2,Team Charles,Charles,-16026,Seahawks D/ST,No
2014,87,8,3,Johnny Clipboards,Gavin,15878,Terrance Williams,No
2014,88,8,4,Salsa Dancing,Tom,11788,Danny Woodhead,No
2014,89,8,5,Caucasion Sasquatch,Ken,14184,Cecil Shorts III,No
2014,90,8,6,Two First Names,Spear,11237,Matt Ryan,No
2014,91,8,7,Brookfield Brawlers,Rob,4512,Anquan Boldin,No
2014,92,8,8,The Thirteenth District,James,9646,Maurice Jones-Drew,No
2014,93,8,9,Paper Thin Walls,Geoff,8544,Darren Sproles,No
2014,94,8,10,Rapid City Monuments,Tsizz,12586,Hakeem Nicks,No
2014,95,8,11,Gotham City Rogues,Dan,13225,Riley Cooper,No
2014,96,8,12,Eat The Sandwich,Spencer,9613,DeAngelo Williams,No
2014,97,9,1,Eat The Sandwich,Spencer,10475,Greg Olsen,No
2014,98,9,2,Gotham City Rogues,Dan,10467,Dwayne Bowe,No
2014,99,9,3,Rapid City Monuments,Tsizz,15786,Tavon Austin,No
2014,100,9,4,Paper Thin Walls,Geoff,9638,Greg Jennings,No
2014,101,9,5,The Thirteenth District,James,9597,Jay Cutler,No
2014,102,9,6,Brookfield Brawlers,Rob,13231,Dennis Pitta,No
2014,103,9,7,Two First Names,Spear,12516,Knowshon Moreno,No
2014,104,9,8,Caucasion Sasquatch,Ken,2622,Steve Smith Sr.,No
2014,105,9,9,Salsa Dancing,Tom,15795,DeAndre Hopkins,No
2014,106,9,10,Johnny Clipboards,Gavin,16530,Khiry Robinson,No
2014,107,9,11,Team Charles,Charles,14886,Lamar Miller,No
2014,108,9,12,Team Foote Longs,Wes,14054,Kyle Rudolph,No
2014,109,10,1,Team Foote Longs,Wes,15358,Jarrett Boykin,No
2014,110,10,2,Team Charles,Charles,13587,Chris Ivory,No
2014,111,10,3,Johnny Clipboards,Gavin,11674,Danny Amendola,No
2014,112,10,4,Salsa Dancing,Tom,16737,Mike Evans,No
2014,113,10,5,Caucasion Sasquatch,Ken,5529,Philip Rivers,No
2014,114,10,6,Two First Names,Spear,15860,Jordan Reed,No
2014,115,10,7,Brookfield Brawlers,Rob,-16029,Panthers D/ST,No
2014,116,10,8,The Thirteenth District,James,15845,Justin Hunter,No
2014,117,10,9,Paper Thin Walls,Geoff,5536,Ben Roethlisberger,No
2014,118,10,10,Rapid City Monuments,Tsizz,4459,Carson Palmer,No
2014,119,10,11,Gotham City Rogues,Dan,11458,Stevie Johnson,No
2014,120,10,12,Eat The Sandwich,Spencer,5209,Tony Romo,No
2014,121,11,1,Eat The Sandwich,Spencer,15855,Christine Michael,No
2014,122,11,2,Gotham City Rogues,Dan,11238,Darren McFadden,No
2014,123,11,3,Rapid City Monuments,Tsizz,14891,Bernard Pierce,No
2014,124,11,4,Paper Thin Walls,Geoff,14911,Rueben Randle,No
2014,125,11,5,The Thirteenth District,James,16783,Terrance West,No
2014,126,11,6,Brookfield Brawlers,Rob,15873,Markus Wheaton,No
2014,127,11,7,Two First Names,Spear,16730,Kelvin Benjamin,No
2014,128,11,8,Caucasion Sasquatch,Ken,12500,Shonn Greene,No
2014,129,11,9,Salsa Dancing,Tom,16731,Brandin Cooks,No
2014,130,11,10,Johnny Clipboards,Gavin,12489,Donald Brown,No
2014,131,11,11,Team Charles,Charles,13981,Mark Ingram,No
2014,132,11,12,Team Foote Longs,Wes,3609,Josh McCown,No
2014,133,12,1,Team Foote Longs,Wes,13489,Mike Williams,No
2014,134,12,2,Team Charles,Charles,16803,Jeremy Hill,No
2014,135,12,3,Johnny Clipboards,Gavin,14192,Roy Helu,No
2014,136,12,4,Salsa Dancing,Tom,-16025,49ers D/ST,No
2014,137,12,5,Caucasion Sasquatch,Ken,11122,Matt Prater,No
2014,138,12,6,Two First Names,Spear,16787,Marqise Lee,No
2014,139,12,7,Brookfield Brawlers,Rob,1097,Adam Vinatieri,No
2014,140,12,8,The Thirteenth District,James,14012,Andy Dalton,No
2014,141,12,9,Paper Thin Walls,Geoff,11295,Martellus Bennett,No
2014,142,12,10,Rapid City Monuments,Tsizz,15835,Zach Ertz,No
2014,143,12,11,Gotham City Rogues,Dan,13213,LeGarrette Blount,No
2014,144,12,12,Eat The Sandwich,Spencer,16777,Carlos Hyde,No
2014,145,13,1,Eat The Sandwich,Spencer,-16007,Broncos D/ST,No
2014,146,13,2,Gotham City Rogues,Dan,12537,Jared Cook,No
2014,147,13,3,Rapid City Monuments,Tsizz,12576,Brandon LaFell,No
2014,148,13,4,Paper Thin Walls,Geoff,16732,Eric Ebron,No
2014,149,13,5,The Thirteenth District,James,13958,Andrew Hawkins,No
2014,150,13,6,Brookfield Brawlers,Rob,9761,Delanie Walker,No
2014,151,13,7,Two First Names,Spear,9704,Stephen Gostkowski,No
2014,152,13,8,Caucasion Sasquatch,Ken,5362,Antonio Gates,No
2014,153,13,9,Salsa Dancing,Tom,14904,Ladarius Green,No
2014,154,13,10,Johnny Clipboards,Gavin,-16014,Rams D/ST,No
2014,155,13,11,Team Charles,Charles,13214,James Starks,No
2014,156,13,12,Team Foote Longs,Wes,15788,Tyler Eifert,No
2014,157,14,1,Team Foote Longs,Wes,-16022,Cardinals D/ST,No
2014,158,14,2,Team Charles,Charles,15832,Knile Davis,No
2014,159,14,3,Johnny Clipboards,Gavin,11247,Jonathan Stewart,No
2014,160,14,4,Salsa Dancing,Tom,16889,Andre Williams,No
2014,161,14,5,Caucasion Sasquatch,Ken,10522,James Jones,No
2014,162,14,6,Two First Names,Spear,12568,Brian Hartline,No
2014,163,14,7,Brookfield Brawlers,Rob,16040,C.J. Anderson,No
2014,164,14,8,The Thirteenth District,James,15369,Lance Dunbar,No
2014,165,14,9,Paper Thin Walls,Geoff,-16017,Patriots D/ST,No
2014,166,14,10,Rapid City Monuments,Tsizz,1440,Phil Dawson,No
2014,167,14,11,Gotham City Rogues,Dan,-16004,Bengals D/ST,No
2014,168,14,12,Eat The Sandwich,Spencer,16944,Devonta Freeman,No
2014,169,15,1,Eat The Sandwich,Spencer,15683,Justin Tucker,No
2014,170,15,2,Gotham City Rogues,Dan,13197,Sam Bradford,No
2014,171,15,3,Rapid City Monuments,Tsizz,-16012,Chiefs D/ST,No
2014,172,15,4,Paper Thin Walls,Geoff,11923,Steven Hauschka,No
2014,173,15,5,The Thirteenth District,James,15058,Blair Walsh,No
2014,174,15,6,Brookfield Brawlers,Rob,16784,Tre Mason,No
2014,175,15,7,Two First Names,Spear,15705,Josh Gordon,No
2014,176,15,8,Caucasion Sasquatch,Ken,15834,Aaron Dobson,No
2014,177,15,9,Salsa Dancing,Tom,16736,Johnny Manziel,No
2014,178,15,10,Johnny Clipboards,Gavin,10636,Mason Crosby,No
2014,179,15,11,Team Charles,Charles,9329,Nick Novak,No
2014,180,15,12,Team Foote Longs,Wes,10693,Ahmad Bradshaw,No
2014,181,16,1,Team Foote Longs,Wes,14322,Dan Bailey,No
2014,182,16,2,Team Charles,Charles,14145,Charles Clay,No
2014,183,16,3,Johnny Clipboards,Gavin,14900,Coby Fleener,No
2014,184,16,4,Salsa Dancing,Tom,9354,Robbie Gould,No
2014,185,16,5,Caucasion Sasquatch,Ken,-16027,Buccaneers D/ST,No
2014,186,16,6,Two First Names,Spear,-16028,Redskins D/ST,No
2014,187,16,7,Brookfield Brawlers,Rob,5526,Eli Manning,No
2014,188,16,8,The Thirteenth District,James,-16005,Browns D/ST,No
2014,189,16,9,Paper Thin Walls,Geoff,5633,Jerricho Cotchery,No
2014,190,16,10,Rapid City Monuments,Tsizz,13207,Dexter McCluster,No
2014,191,16,11,Gotham City Rogues,Dan,14993,Greg Zuerlein,No
2014,192,16,12,Eat The Sandwich,Spencer,11318,Harry Douglas,No
2015,1,1,1,,Tsizz,15795,DeAndre Hopkins,Yes
2015,2,1,2,Republic City Fire Ferrets,James,12514,LeSean McCoy,Yes
2015,3,1,3,Reverend Payne,Rob,13215,Dez Bryant,Yes
2015,4,1,4,LSC Stud Muffins,Dylan,15848,Eddie Lacy,Yes
2015,5,1,5,Gotham City Rogues,Dan,15009,Alfred Morris,Yes
2015,6,1,6,Threat Level Midnight,Ken,13216,Demaryius Thomas,Yes
2015,7,1,7,Team Foote Longs,Wes,10456,Marshawn Lynch,Yes
2015,8,1,8,AutoDrafted Scrubs,Spear,10452,Adrian Peterson,Yes
2015,9,1,9,The Buzzards,Tom,13983,A.J. Green,Yes
2015,10,1,10,Johnny Man-Zeer,Gavin,8439,Aaron Rodgers,Yes
2015,11,1,11,Paper Thin Walls,Geoff,1428,Peyton Manning,Yes
2015,12,1,12,Eat The Sandwich,Spencer,11278,Matt Forte,Yes
2015,13,2,1,Rapid City Monuments,Tsizz,13217,Golden Tate,Yes
2015,14,2,2,Republic City Fire Ferrets,James,14005,DeMarco Murray,Yes
2015,15,2,3,Reverend Payne,Rob,12649,Julian Edelman,Yes
2015,16,2,4,LSC Stud Muffins,Dylan,14053,Randall Cobb,Yes
2015,17,2,5,Gotham City Rogues,Dan,13229,Rob Gronkowski,Yes
2015,18,2,6,Threat Level Midnight,Ken,16725,Sammy Watkins,Yes
2015,19,2,7,Team Foote Longs,Wes,11307,Jamaal Charles,Yes
2015,20,2,8,AutoDrafted Scrubs,Spear,16040,C.J. Anderson,Yes
2015,21,2,9,The Buzzards,Tom,16737,Mike Evans,Yes
2015,22,2,10,Johnny Man-Zeer,Gavin,13934,Antonio Brown,Yes
2015,23,2,11,Paper Thin Walls,Geoff,13982,Julio Jones,Yes
2015,24,2,12,Eat The Sandwich,Spencer,14874,Andrew Luck,Yes
2015,25,3,1,Rapid City Monuments,Tsizz,10447,Calvin Johnson,No
2015,26,3,2,Republic City Fire Ferrets,James,16733,Odell Beckham Jr.,No
2015,27,3,3,Reverend Payne,Rob,16803,Jeremy Hill,No
2015,28,3,4,LSC Stud Muffins,Dylan,15825,Le'Veon Bell,No
2015,29,3,5,Gotham City Rogues,Dan,14924,T.Y. Hilton,No
2015,30,3,6,Threat Level Midnight,Ken,13232,Jimmy Graham,No
2015,31,3,7,Team Foote Longs,Wes,14912,Alshon Jeffery,No
2015,32,3,8,AutoDrafted Scrubs,Spear,13981,Mark Ingram,No
2015,33,3,9,The Buzzards,Tom,14886,Lamar Miller,No
2015,34,3,10,Johnny Man-Zeer,Gavin,11467,Justin Forsett,No
2015,35,3,11,Paper Thin Walls,Geoff,13295,Emmanuel Sanders,No
2015,36,3,12,Eat The Sandwich,Spencer,8475,Vincent Jackson,No
2015,37,4,1,Eat The Sandwich,Spencer,10475,Greg Olsen,No
2015,38,4,2,Paper Thin Walls,Geoff,16731,Brandin Cooks,No
2015,39,4,3,Johnny Man-Zeer,Gavin,8479,Frank Gore,No
2015,40,4,4,The Buzzards,Tom,16777,Carlos Hyde,No
2015,41,4,5,AutoDrafted Scrubs,Spear,16763,Jordan Matthews,No
2015,42,4,6,Team Foote Longs,Wes,2576434,Melvin Gordon,No
2015,43,4,7,Threat Level Midnight,Ken,14881,Russell Wilson,No
2015,44,4,8,Gotham City Rogues,Dan,16013,Joseph Randle,No
2015,45,4,9,LSC Stud Muffins,Dylan,11247,Jonathan Stewart,No
2015,46,4,10,Reverend Payne,Rob,2580,Drew Brees,No
2015,47,4,11,Republic City Fire Ferrets,James,15818,Keenan Allen,No
2015,48,4,12,Rapid City Monuments,Tsizz,2977644,Todd Gurley,No
2015,49,5,1,Rapid City Monuments,Tsizz,5536,Ben Roethlisberger,No
2015,50,5,2,Republic City Fire Ferrets,James,11283,DeSean Jackson,No
2015,51,5,3,Reverend Payne,Rob,2976499,Amari Cooper,No
2015,52,5,4,LSC Stud Muffins,Dylan,16800,Davante Adams,No
2015,53,5,5,Gotham City Rogues,Dan,12497,Arian Foster,No
2015,54,5,6,Threat Level Midnight,Ken,4461,Andre Johnson,No
2015,55,5,7,Team Foote Longs,Wes,9705,Brandon Marshall,No
2015,56,5,8,AutoDrafted Scrubs,Spear,12601,Mike Wallace,No
2015,57,5,9,The Buzzards,Tom,15920,Latavius Murray,No
2015,58,5,10,Johnny Man-Zeer,Gavin,15893,Andre Ellington,No
2015,59,5,11,Paper Thin Walls,Geoff,13536,Joique Bell,No
2015,60,5,12,Eat The Sandwich,Spencer,2976516,T.J. Yeldon,No
2015,61,6,1,Eat The Sandwich,Spencer,12579,Jeremy Maclin,No
2015,62,6,2,Paper Thin Walls,Geoff,15826,Giovani Bernard,No
2015,63,6,3,Johnny Man-Zeer,Gavin,16790,Jarvis Landry,No
2015,64,6,4,The Buzzards,Tom,16799,Allen Robinson,No
2015,65,6,5,AutoDrafted Scrubs,Spear,15847,Travis Kelce,No
2015,66,6,6,Team Foote Longs,Wes,5209,Tony Romo,No
2015,67,6,7,Threat Level Midnight,Ken,12503,Rashad Jennings,No
2015,68,6,8,Gotham City Rogues,Dan,13271,Eric Decker,No
2015,69,6,9,LSC Stud Muffins,Dylan,2971618,Nelson Agholor,No
2015,70,6,10,Reverend Payne,Rob,14017,Shane Vereen,No
2015,71,6,11,Republic City Fire Ferrets,James,13204,Ryan Mathews,No
2015,72,6,12,Rapid City Monuments,Tsizz,15707,Larry Donnell,No
2015,73,7,1,Rapid City Monuments,Tsizz,13587,Chris Ivory,No
2015,74,7,2,Republic City Fire Ferrets,James,11295,Martellus Bennett,No
2015,75,7,3,Reverend Payne,Rob,15885,Charles Johnson,No
2015,76,7,4,LSC Stud Muffins,Dylan,4527,Jason Witten,No
2015,77,7,5,Gotham City Rogues,Dan,11237,Matt Ryan,No
2015,78,7,6,Threat Level Midnight,Ken,11788,Danny Woodhead,No
2015,79,7,7,Team Foote Longs,Wes,14032,Torrey Smith,No
2015,80,7,8,AutoDrafted Scrubs,Spear,8442,Roddy White,No
2015,81,7,9,The Buzzards,Tom,14189,Jordan Cameron,No
2015,82,7,10,Johnny Man-Zeer,Gavin,16886,Martavis Bryant,No
2015,83,7,11,Paper Thin Walls,Geoff,14908,Michael Floyd,No
2015,84,7,12,Eat The Sandwich,Spencer,16804,John Brown,No
2015,85,8,1,Eat The Sandwich,Spencer,2576336,Ameer Abdullah,No
2015,86,8,2,Paper Thin Walls,Geoff,13203,C.J. Spiller,No
2015,87,8,3,Johnny Man-Zeer,Gavin,13994,Cam Newton,No
2015,88,8,4,The Buzzards,Tom,14876,Ryan Tannehill,No
2015,89,8,5,AutoDrafted Scrubs,Spear,13213,LeGarrette Blount,No
2015,90,8,6,Team Foote Longs,Wes,11238,Darren McFadden,No
2015,91,8,7,Threat Level Midnight,Ken,2979477,Tevin Coleman,No
2015,92,8,8,Gotham City Rogues,Dan,5528,Larry Fitzgerald,No
2015,93,8,9,LSC Stud Muffins,Dylan,17133,Isaiah Crowell,No
2015,94,8,10,Reverend Payne,Rob,9761,Delanie Walker,No
2015,95,8,11,Republic City Fire Ferrets,James,14204,Julius Thomas,No
2015,96,8,12,Rapid City Monuments,Tsizz,8544,Darren Sproles,No
2015,97,9,1,Rapid City Monuments,Tsizz,9838,Marques Colston,No
2015,98,9,2,Republic City Fire Ferrets,James,2969962,Duke Johnson Jr.,No
2015,99,9,3,Reverend Payne,Rob,2622,Steve Smith Sr.,No
2015,100,9,4,LSC Stud Muffins,Dylan,16784,Tre Mason,No
2015,101,9,5,Gotham City Rogues,Dan,14885,Doug Martin,No
2015,102,9,6,Threat Level Midnight,Ken,4512,Anquan Boldin,No
2015,103,9,7,Team Foote Longs,Wes,14909,Kendall Wright,No
2015,104,9,8,AutoDrafted Scrubs,Spear,16944,Devonta Freeman,No
2015,105,9,9,The Buzzards,Tom,11439,Pierre Garcon,No
2015,106,9,10,Johnny Man-Zeer,Gavin,2330,Tom Brady,No
2015,107,9,11,Paper Thin Walls,Geoff,15835,Zach Ertz,No
2015,108,9,12,Eat The Sandwich,Spencer,2576623,DeVante Parker,No
2015,109,10,1,Eat The Sandwich,Spencer,15873,Markus Wheaton,No
2015,110,10,2,Paper Thin Walls,Geoff,16794,Bishop Sankey,No
2015,111,10,3,Johnny Man-Zeer,Gavin,14901,Dwayne Allen,No
2015,112,10,4,The Buzzards,Tom,16921,Alfred Blue,No
2015,113,10,5,AutoDrafted Scrubs,Spear,16749,Charles Sims,No
2015,114,10,6,Team Foote Longs,Wes,5529,Philip Rivers,No
2015,115,10,7,Threat Level Midnight,Ken,2977609,Devin Funchess,No
2015,116,10,8,Gotham City Rogues,Dan,12576,Brandon LaFell,No
2015,117,10,9,LSC Stud Muffins,Dylan,16889,Andre Williams,No
2015,118,10,10,Reverend Payne,Rob,-16026,Seahawks D/ST,No
2015,119,10,11,Republic City Fire Ferrets,James,5526,Eli Manning,No
2015,120,10,12,Rapid City Monuments,Tsizz,14221,Doug Baldwin,No
2015,121,11,1,Rapid City Monuments,Tsizz,14877,Nick Foles,No
2015,122,11,2,Republic City Fire Ferrets,James,13553,Victor Cruz,No
2015,123,11,3,Reverend Payne,Rob,9704,Stephen Gostkowski,No
2015,124,11,4,LSC Stud Muffins,Dylan,16950,Lorenzo Taliaferro,No
2015,125,11,5,Gotham City Rogues,Dan,-16034,Texans D/ST,No
2015,126,11,6,Threat Level Midnight,Ken,15951,Denard Robinson,No
2015,127,11,7,Team Foote Longs,Wes,9684,Owen Daniels,No
2015,128,11,8,AutoDrafted Scrubs,Spear,10195,Fred Jackson,No
2015,129,11,9,The Buzzards,Tom,12483,Matthew Stafford,No
2015,130,11,10,Johnny Man-Zeer,Gavin,2576303,David Cobb,No
2015,131,11,11,Paper Thin Walls,Geoff,-16002,Bills D/ST,No
2015,132,11,12,Eat The Sandwich,Spencer,15823,Montee Ball,No
2015,133,12,1,Eat The Sandwich,Spencer,9613,DeAngelo Williams,No
2015,134,12,2,Paper Thin Walls,Geoff,2972460,Breshad Perriman,No
2015,135,12,3,Johnny Man-Zeer,Gavin,-16014,Rams D/ST,No
2015,136,12,4,The Buzzards,Tom,16795,Austin Seferian-Jenkins,No
2015,137,12,5,AutoDrafted Scrubs,Spear,15832,Knile Davis,No
2015,138,12,6,Team Foote Longs,Wes,16143,Josh Hill,No
2015,139,12,7,Threat Level Midnight,Ken,5362,Antonio Gates,No
2015,140,12,8,Gotham City Rogues,Dan,12569,Percy Harvin,No
2015,141,12,9,LSC Stud Muffins,Dylan,16793,Cody Latimer,No
2015,142,12,10,Reverend Payne,Rob,11252,Joe Flacco,No
2015,143,12,11,Republic City Fire Ferrets,James,13197,Sam Bradford,No
2015,144,12,12,Rapid City Monuments,Tsizz,15860,Jordan Reed,No
2015,145,13,1,Rapid City Monuments,Tsizz,16783,Terrance West,No
2015,146,13,2,Republic City Fire Ferrets,James,11276,Eddie Royal,No
2015,147,13,3,Reverend Payne,Rob,6016,Malcom Floyd,No
2015,148,13,4,LSC Stud Muffins,Dylan,16791,Donte Moncrief,No
2015,149,13,5,Gotham City Rogues,Dan,9597,Jay Cutler,No
2015,150,13,6,Threat Level Midnight,Ken,14001,Colin Kaepernick,No
2015,151,13,7,Team Foote Longs,Wes,11458,Stevie Johnson,No
2015,152,13,8,AutoDrafted Scrubs,Spear,-16020,Jets D/ST,No
2015,153,13,9,The Buzzards,Tom,14911,Rueben Randle,No
2015,154,13,10,Johnny Man-Zeer,Gavin,2508176,David Johnson,No
2015,155,13,11,Paper Thin Walls,Geoff,15364,Jonas Gray,No
2015,156,13,12,Eat The Sandwich,Spencer,-16007,Broncos D/ST,No
2015,157,14,1,Eat The Sandwich,Spencer,15994,Theo Riddick,No
2015,158,14,2,Paper Thin Walls,Geoff,16782,Jerick McKinnon,No
2015,159,14,3,Johnny Man-Zeer,Gavin,9588,Reggie Bush,No
2015,160,14,4,The Buzzards,Tom,2573300,Jay Ajayi,No
2015,161,14,5,AutoDrafted Scrubs,Spear,1097,Adam Vinatieri,No
2015,162,14,6,Team Foote Longs,Wes,12563,Michael Crabtree,No
2015,163,14,7,Threat Level Midnight,Ken,-16017,Patriots D/ST,No
2015,164,14,8,Gotham City Rogues,Dan,9592,Vernon Davis,No
2015,165,14,9,LSC Stud Muffins,Dylan,-16033,Ravens D/ST,No
2015,166,14,10,Reverend Payne,Rob,15072,Marvin Jones,No
2015,167,14,11,Republic City Fire Ferrets,James,-16022,Cardinals D/ST,No
2015,168,14,12,Rapid City Monuments,Tsizz,11923,Steven Hauschka,No
2015,169,15,1,Rapid City Monuments,Tsizz,-16015,Dolphins D/ST,No
2015,170,15,2,Republic City Fire Ferrets,James,14322,Dan Bailey,No
2015,171,15,3,Reverend Payne,Rob,16913,James White,No
2015,172,15,4,LSC Stud Muffins,Dylan,15683,Justin Tucker,No
2015,173,15,5,Gotham City Rogues,Dan,14914,Brian Quick,No
2015,174,15,6,Threat Level Midnight,Ken,4333,Matt Bryant,No
2015,175,15,7,Team Foote Longs,Wes,-16021,Eagles D/ST,No
2015,176,15,8,AutoDrafted Scrubs,Spear,15041,Daniel Herron,No
2015,177,15,9,The Buzzards,Tom,-16008,Lions D/ST,No
2015,178,15,10,Johnny Man-Zeer,Gavin,11122,Matt Prater,No
2015,179,15,11,Paper Thin Walls,Geoff,17082,Cody Parkey,No
2015,180,15,12,Eat The Sandwich,Spencer,16339,Brandon McManus,No
2015,181,16,1,Eat The Sandwich,Spencer,11688,Dan Carpenter,No
2015,182,16,2,Paper Thin Walls,Geoff,16530,Khiry Robinson,No
2015,183,16,3,Johnny Man-Zeer,Gavin,15878,Terrance Williams,No
2015,184,16,4,The Buzzards,Tom,10636,Mason Crosby,No
2015,185,16,5,AutoDrafted Scrubs,Spear,4459,Carson Palmer,No
2015,186,16,6,Team Foote Longs,Wes,15918,Caleb Sturgis,No
2015,187,16,7,Threat Level Midnight,Ken,14192,Roy Helu,No
2015,188,16,8,Gotham City Rogues,Dan,15058,Blair Walsh,No
2015,189,16,9,LSC Stud Muffins,Dylan,16728,Teddy Bridgewater,No
2015,190,16,10,Reverend Payne,Rob,3043097,Cameron Artis-Payne,No
2015,191,16,11,Republic City Fire Ferrets,James,15807,Cordarrelle Patterson,No
2015,192,16,12,Rapid City Monuments,Tsizz,12489,Donald Brown,No
2016,1,1,1,LSC Stud Muffins,Dylan,15825,Le'Veon Bell,Yes
2016,2,1,2,WhenUrKickerIs YourBestPlayer,Spear,10452,Adrian Peterson,Yes
2016,3,1,3,Team Foote Longs,Wes,9705,Brandon Marshall,Yes
2016,4,1,4,Seabass and the Fellas,Geoff,13982,Julio Jones,Yes
2016,5,1,5,Eat The Sandwich,Spencer,10475,Greg Olsen,Yes
2016,6,1,6,Nothing to see Here,Ken,14881,Russell Wilson,Yes
2016,7,1,7,To Me Those BallsArePerfect,Tsizz,2977644,Todd Gurley,Yes
2016,8,1,8,Johnny Man-Zeer,Gavin,13934,Antonio Brown,Yes
2016,9,1,9,Kirk's Sinking Enterprise,James,16733,Odell Beckham Jr.,Yes
2016,10,1,10,The Phenomenal Ones,Tom,16799,Allen Robinson,Yes
2016,11,1,11,Reverend Payne,Rob,2508176,David Johnson,Yes
2016,12,1,12,Gotham City Rogues,Dan,13229,Rob Gronkowski,Yes
2016,13,2,1,LSC Stud Muffins,Dylan,11237,Matt Ryan,Yes
2016,14,2,2,WhenUrKickerIs YourBestPlayer,Spear,16944,Devonta Freeman,Yes
2016,15,2,3,Team Foote Longs,Wes,5529,Philip Rivers,Yes
2016,16,2,4,Seabass and the Fellas,Geoff,16731,Brandin Cooks,Yes
2016,17,2,5,Eat The Sandwich,Spencer,14874,Andrew Luck,Yes
2016,18,2,6,Nothing to see Here,Ken,11788,Danny Woodhead,Yes
2016,19,2,7,To Me Those BallsArePerfect,Tsizz,15795,DeAndre Hopkins,Yes
2016,20,2,8,Johnny Man-Zeer,Gavin,16790,Jarvis Landry,Yes
2016,21,2,9,Kirk's Sinking Enterprise,James,12514,LeSean McCoy,Yes
2016,22,2,10,The Phenomenal Ones,Tom,14886,Lamar Miller,Yes
2016,23,2,11,Reverend Payne,Rob,12649,Julian Edelman,Yes
2016,24,2,12,Gotham City Rogues,Dan,13994,Cam Newton,Yes
2016,25,3,1,LSC Stud Muffins,Dylan,3051392,Ezekiel Elliott,No
2016,26,3,2,WhenUrKickerIs YourBestPlayer,Spear,13983,A.J. Green,No
2016,27,3,3,Team Foote Longs,Wes,14885,Doug Martin,No
2016,28,3,4,Seabass and the Fellas,Geoff,13981,Mark Ingram,No
2016,29,3,5,Eat The Sandwich,Spencer,11270,Jordy Nelson,No
2016,30,3,6,Nothing to see Here,Ken,11247,Jonathan Stewart,No
2016,31,3,7,To Me Those BallsArePerfect,Tsizz,15848,Eddie Lacy,No
2016,32,3,8,Johnny Man-Zeer,Gavin,13215,Dez Bryant,No
2016,33,3,9,Kirk's Sinking Enterprise,James,16737,Mike Evans,No
2016,34,3,10,The Phenomenal Ones,Tom,2976499,Amari Cooper,No
2016,35,3,11,Reverend Payne,Rob,8439,Aaron Rodgers,No
2016,36,3,12,Gotham City Rogues,Dan,15818,Keenan Allen,No
2016,37,4,1,Gotham City Rogues,Dan,16725,Sammy Watkins,No
2016,38,4,2,Reverend Payne,Rob,15860,Jordan Reed,No
2016,39,4,3,The Phenomenal Ones,Tom,11307,Jamaal Charles,No
2016,40,4,4,Kirk's Sinking Enterprise,James,16777,Carlos Hyde,No
2016,41,4,5,Johnny Man-Zeer,Gavin,14912,Alshon Jeffery,No
2016,42,4,6,To Me Those BallsArePerfect,Tsizz,16040,C.J. Anderson,No
2016,43,4,7,Nothing to see Here,Ken,14221,Doug Baldwin,No
2016,44,4,8,Eat The Sandwich,Spencer,11278,Matt Forte,No
2016,45,4,9,Seabass and the Fellas,Geoff,2580,Drew Brees,No
2016,46,4,10,Team Foote Longs,Wes,13216,Demaryius Thomas,No
2016,47,4,11,WhenUrKickerIs YourBestPlayer,Spear,14053,Randall Cobb,No
2016,48,4,12,LSC Stud Muffins,Dylan,2576237,Thomas Rawls,No
2016,49,5,1,LSC Stud Muffins,Dylan,14924,T.Y. Hilton,No
2016,50,5,2,WhenUrKickerIs YourBestPlayer,Spear,13271,Eric Decker,No
2016,51,5,3,Team Foote Longs,Wes,16803,Jeremy Hill,No
2016,52,5,4,Seabass and the Fellas,Geoff,13217,Golden Tate,No
2016,53,5,5,Eat The Sandwich,Spencer,5528,Larry Fitzgerald,No
2016,54,5,6,Nothing to see Here,Ken,15920,Latavius Murray,No
2016,55,5,7,To Me Those BallsArePerfect,Tsizz,12579,Jeremy Maclin,No
2016,56,5,8,Johnny Man-Zeer,Gavin,13204,Ryan Mathews,No
2016,57,5,9,Kirk's Sinking Enterprise,James,16730,Kelvin Benjamin,No
2016,58,5,10,The Phenomenal Ones,Tom,13295,Emmanuel Sanders,No
2016,59,5,11,Reverend Payne,Rob,14005,DeMarco Murray,No
2016,60,5,12,Gotham City Rogues,Dan,2515416,Jeremy Langford,No
2016,61,6,1,Gotham City Rogues,Dan,16763,Jordan Matthews,No
2016,62,6,2,Reverend Payne,Rob,15072,Marvin Jones,No
2016,63,6,3,The Phenomenal Ones,Tom,2576623,DeVante Parker,No
2016,64,6,4,Kirk's Sinking Enterprise,James,16791,Donte Moncrief,No
2016,65,6,5,Johnny Man-Zeer,Gavin,2980105,Matt Jones,No
2016,66,6,6,To Me Those BallsArePerfect,Tsizz,5536,Ben Roethlisberger,No
2016,67,6,7,Nothing to see Here,Ken,9761,Delanie Walker,No
2016,68,6,8,Eat The Sandwich,Spencer,12503,Rashad Jennings,No
2016,69,6,9,Seabass and the Fellas,Geoff,14908,Michael Floyd,No
2016,70,6,10,Team Foote Longs,Wes,2969962,Duke Johnson Jr.,No
2016,71,6,11,WhenUrKickerIs YourBestPlayer,Spear,2576434,Melvin Gordon,No
2016,72,6,12,LSC Stud Muffins,Dylan,16804,John Brown,No
2016,73,7,1,LSC Stud Muffins,Dylan,11283,DeSean Jackson,No
2016,74,7,2,WhenUrKickerIs YourBestPlayer,Spear,4459,Carson Palmer,No
2016,75,7,3,Team Foote Longs,Wes,17177,Allen Hurns,No
2016,76,7,4,Seabass and the Fellas,Geoff,15826,Giovani Bernard,No
2016,77,7,5,Eat The Sandwich,Spencer,2976592,Sterling Shepard,No
2016,78,7,6,Nothing to see Here,Ken,3042435,Kevin White,No
2016,79,7,7,To Me Those BallsArePerfect,Tsizz,14900,Coby Fleener,No
2016,80,7,8,Johnny Man-Zeer,Gavin,2330,Tom Brady,No
2016,81,7,9,Kirk's Sinking Enterprise,James,14032,Torrey Smith,No
2016,82,7,10,The Phenomenal Ones,Tom,15847,Travis Kelce,No
2016,83,7,11,Reverend Payne,Rob,12563,Michael Crabtree,No
2016,84,7,12,Gotham City Rogues,Dan,12497,Arian Foster,No
2016,85,8,1,Gotham City Rogues,Dan,15705,Josh Gordon,No
2016,86,8,2,Reverend Payne,Rob,14402,Chris Hogan,No
2016,87,8,3,The Phenomenal Ones,Tom,2978929,Corey Coleman,No
2016,88,8,4,Kirk's Sinking Enterprise,James,3043078,Derrick Henry,No
2016,89,8,5,Johnny Man-Zeer,Gavin,8479,Frank Gore,No
2016,90,8,6,To Me Those BallsArePerfect,Tsizz,2577327,Tyler Lockett,No
2016,91,8,7,Nothing to see Here,Ken,17258,Willie Snead,No
2016,92,8,8,Eat The Sandwich,Spencer,8475,Vincent Jackson,No
2016,93,8,9,Seabass and the Fellas,Geoff,9613,DeAngelo Williams,No
2016,94,8,10,Team Foote Longs,Wes,2976516,T.J. Yeldon,No
2016,95,8,11,WhenUrKickerIs YourBestPlayer,Spear,15994,Theo Riddick,No
2016,96,8,12,LSC Stud Muffins,Dylan,15788,Tyler Eifert,No
2016,97,9,1,LSC Stud Muffins,Dylan,2576336,Ameer Abdullah,No
2016,98,9,2,WhenUrKickerIs YourBestPlayer,Spear,15786,Tavon Austin,No
2016,99,9,3,Team Foote Longs,Wes,11364,Gary Barnidge,No
2016,100,9,4,Seabass and the Fellas,Geoff,15835,Zach Ertz,No
2016,101,9,5,Eat The Sandwich,Spencer,5526,Eli Manning,No
2016,102,9,6,Nothing to see Here,Ken,15062,Travis Benjamin,No
2016,103,9,7,To Me Those BallsArePerfect,Tsizz,2976212,Stefon Diggs,No
2016,104,9,8,Johnny Man-Zeer,Gavin,13587,Chris Ivory,No
2016,105,9,9,Kirk's Sinking Enterprise,James,14129,Bilal Powell,No
2016,106,9,10,The Phenomenal Ones,Tom,16757,Derek Carr,No
2016,107,9,11,Reverend Payne,Rob,8664,Ryan Fitzpatrick,No
2016,108,9,12,Gotham City Rogues,Dan,2622,Steve Smith Sr.,No
2016,109,10,1,Gotham City Rogues,Dan,13213,LeGarrette Blount,No
2016,110,10,2,Reverend Payne,Rob,2976316,Michael Thomas,No
2016,111,10,3,The Phenomenal Ones,Tom,11467,Justin Forsett,No
2016,112,10,4,Kirk's Sinking Enterprise,James,14880,Kirk Cousins,No
2016,113,10,5,Johnny Man-Zeer,Gavin,16724,Blake Bortles,No
2016,114,10,6,To Me Those BallsArePerfect,Tsizz,2573300,Jay Ajayi,No
2016,115,10,7,Nothing to see Here,Ken,14163,Tyrod Taylor,No
2016,116,10,8,Eat The Sandwich,Spencer,-16026,Seahawks D/ST,No
2016,117,10,9,Seabass and the Fellas,Geoff,12483,Matthew Stafford,No
2016,118,10,10,Team Foote Longs,Wes,2977609,Devin Funchess,No
2016,119,10,11,WhenUrKickerIs YourBestPlayer,Spear,5362,Antonio Gates,No
2016,120,10,12,LSC Stud Muffins,Dylan,16749,Charles Sims,No
2016,121,11,1,LSC Stud Muffins,Dylan,17133,Isaiah Crowell,No
2016,122,11,2,WhenUrKickerIs YourBestPlayer,Spear,3052876,Will Fuller V,No
2016,123,11,3,Team Foote Longs,Wes,15873,Markus Wheaton,No
2016,124,11,4,Seabass and the Fellas,Geoff,4527,Jason Witten,No
2016,125,11,5,Eat The Sandwich,Spencer,8544,Darren Sproles,No
2016,126,11,6,Nothing to see Here,Ken,2979477,Tevin Coleman,No
2016,127,11,7,To Me Those BallsArePerfect,Tsizz,2576980,Marcus Mariota,No
2016,128,11,8,Johnny Man-Zeer,Gavin,13214,James Starks,No
2016,129,11,9,Kirk's Sinking Enterprise,James,12699,Zach Miller,No
2016,130,11,10,The Phenomenal Ones,Tom,13232,Jimmy Graham,No
2016,131,11,11,Reverend Payne,Rob,1097,Adam Vinatieri,No
2016,132,11,12,Gotham City Rogues,Dan,11295,Martellus Bennett,No
2016,133,12,1,Gotham City Rogues,Dan,14017,Shane Vereen,No
2016,134,12,2,Reverend Payne,Rob,-16029,Panthers D/ST,No
2016,135,12,3,The Phenomenal Ones,Tom,14012,Andy Dalton,No
2016,136,12,4,Kirk's Sinking Enterprise,James,15855,Christine Michael,No
2016,137,12,5,Johnny Man-Zeer,Gavin,14204,Julius Thomas,No
2016,138,12,6,To Me Those BallsArePerfect,Tsizz,16732,Eric Ebron,No
2016,139,12,7,Nothing to see Here,Ken,-16022,Cardinals D/ST,No
2016,140,12,8,Eat The Sandwich,Spencer,9704,Stephen Gostkowski,No
2016,141,12,9,Seabass and the Fellas,Geoff,-16007,Broncos D/ST,No
2016,142,12,10,Team Foote Longs,Wes,2969939,Jameis Winston,No
2016,143,12,11,WhenUrKickerIs YourBestPlayer,Spear,16782,Jerick McKinnon,No
2016,144,12,12,LSC Stud Muffins,Dylan,2579604,Phillip Dorsett,No
2016,145,13,1,LSC Stud Muffins,Dylan,14583,Kamar Aiken,No
2016,146,13,2,WhenUrKickerIs YourBestPlayer,Spear,14851,Terrelle Pryor Sr.,No
2016,147,13,3,Team Foote Longs,Wes,14901,Dwayne Allen,No
2016,148,13,4,Seabass and the Fellas,Geoff,11923,Steven Hauschka,No
2016,149,13,5,Eat The Sandwich,Spencer,12537,Jared Cook,No
2016,150,13,6,Nothing to see Here,Ken,15683,Justin Tucker,No
2016,151,13,7,To Me Those BallsArePerfect,Tsizz,16913,James White,No
2016,152,13,8,Johnny Man-Zeer,Gavin,16946,Bruce Ellington,No
2016,153,13,9,Kirk's Sinking Enterprise,James,-16012,Chiefs D/ST,No
2016,154,13,10,The Phenomenal Ones,Tom,-16034,Texans D/ST,No
2016,155,13,11,Reverend Payne,Rob,11674,Danny Amendola,No
2016,156,13,12,Gotham City Rogues,Dan,14322,Dan Bailey,No
2016,157,14,1,Gotham City Rogues,Dan,15102,Rishard Matthews,No
2016,158,14,2,Reverend Payne,Rob,2971433,Dorial Green-Beckham,No
2016,159,14,3,The Phenomenal Ones,Tom,16020,Spencer Ware,No
2016,160,14,4,Kirk's Sinking Enterprise,James,3045144,Tyler Boyd,No
2016,161,14,5,Johnny Man-Zeer,Gavin,14922,Mohamed Sanu,No
2016,162,14,6,To Me Those BallsArePerfect,Tsizz,12601,Mike Wallace,No
2016,163,14,7,Nothing to see Here,Ken,10453,Ted Ginn Jr.,No
2016,164,14,8,Eat The Sandwich,Spencer,11258,Chris Johnson,No
2016,165,14,9,Seabass and the Fellas,Geoff,3122866,Devontae Booker,No
2016,166,14,10,Team Foote Longs,Wes,2982828,Tajae Sharpe,No
2016,167,14,11,WhenUrKickerIs YourBestPlayer,Spear,-16009,Packers D/ST,No
2016,168,14,12,LSC Stud Muffins,Dylan,-16004,Bengals D/ST,No
2016,169,15,1,LSC Stud Muffins,Dylan,2577654,DeAndre Washington,No
2016,170,15,2,WhenUrKickerIs YourBestPlayer,Spear,9588,Reggie Bush,No
2016,171,15,3,Team Foote Longs,Wes,-16016,Vikings D/ST,No
2016,172,15,4,Seabass and the Fellas,Geoff,14145,Charles Clay,No
2016,173,15,5,Eat The Sandwich,Spencer,2576019,Josh Doctson,No
2016,174,15,6,Nothing to see Here,Ken,2980148,C.J. Prosise,No
2016,175,15,7,To Me Those BallsArePerfect,Tsizz,-16013,Raiders D/ST,No
2016,176,15,8,Johnny Man-Zeer,Gavin,-16017,Patriots D/ST,No
2016,177,15,9,Kirk's Sinking Enterprise,James,3060022,Jordan Howard,No
2016,178,15,10,The Phenomenal Ones,Tom,13553,Victor Cruz,No
2016,179,15,11,Reverend Payne,Rob,15349,Cole Beasley,No
2016,180,15,12,Gotham City Rogues,Dan,-16020,Jets D/ST,No
2016,181,16,1,Gotham City Rogues,Dan,14198,Dion Lewis,No
2016,182,16,2,Reverend Payne,Rob,16783,Terrance West,No
2016,183,16,3,The Phenomenal Ones,Tom,12460,Graham Gano,No
2016,184,16,4,Kirk's Sinking Enterprise,James,16976,Chandler Catanzaro,No
2016,185,16,5,Johnny Man-Zeer,Gavin,10636,Mason Crosby,No
2016,186,16,6,To Me Those BallsArePerfect,Tsizz,15058,Blair Walsh,No
2016,187,16,7,Nothing to see Here,Ken,3051889,Laquon Treadwell,No
2016,188,16,8,Eat The Sandwich,Spencer,15009,Alfred Morris,No
2016,189,16,9,Seabass and the Fellas,Geoff,14876,Ryan Tannehill,No
2016,190,16,10,Team Foote Longs,Wes,11122,Matt Prater,No
2016,191,16,11,WhenUrKickerIs YourBestPlayer,Spear,2978887,Roberto Aguayo,No
2016,192,16,12,LSC Stud Muffins,Dylan,17372,Chris Boswell,No
2017,1,1,1,Team Foote Longs,Wes,13216,Demaryius Thomas,Yes
2017,2,1,2,Abdullah OBKongata,Spear,13983,A.J. Green,Yes
2017,3,1,3,Thanks.,Tsizz,2977644,Todd Gurley II,Yes
2017,4,1,4,Seabass and the Fellas,Geoff,13982,Julio Jones,Yes
2017,5,1,5,Eat The Sandwich,Spencer,11270,Jordy Nelson,Yes
2017,6,1,6,Captain Kirk's Enterprise,James,16733,Odell Beckham Jr.,Yes
2017,7,1,7,The J.O.B. Squad,Tom,2976499,Amari Cooper,Yes
2017,8,1,8,Gotham City Rogues,Dan,2573300,Jay Ajayi,Yes
2017,9,1,9,Pray For Johnny Man-Zeer,Gavin,13934,Antonio Brown,Yes
2017,10,1,10,Reverend Payne,Rob,2508176,David Johnson,Yes
2017,11,1,11,Nothing to see Here,Ken,14221,Doug Baldwin,Yes
2017,12,1,12,LSC Stud Muffins,Dylan,15825,Le'Veon Bell,Yes
2017,13,2,1,Team Foote Longs,Wes,2969939,Jameis Winston,Yes
2017,14,2,2,Abdullah OBKongata,Spear,2576434,Melvin Gordon,Yes
2017,15,2,3,Thanks.,Tsizz,12601,Mike Wallace,Yes
2017,16,2,4,Seabass and the Fellas,Geoff,2580,Drew Brees,Yes
2017,17,2,5,Eat The Sandwich,Spencer,10475,Greg Olsen,Yes
2017,18,2,6,Captain Kirk's Enterprise,James,16737,Mike Evans,Yes
2017,19,2,7,The J.O.B. Squad,Tom,14886,Lamar Miller,Yes
2017,20,2,8,Gotham City Rogues,Dan,13229,Rob Gronkowski,Yes
2017,21,2,9,Pray For Johnny Man-Zeer,Gavin,2330,Tom Brady,Yes
2017,22,2,10,Reverend Payne,Rob,8439,Aaron Rodgers,Yes
2017,23,2,11,Nothing to see Here,Ken,14881,Russell Wilson,Yes
2017,24,2,12,LSC Stud Muffins,Dylan,3051392,Ezekiel Elliott,Yes
2017,25,3,1,Team Foote Longs,Wes,3060022,Jordan Howard,No
2017,26,3,2,Abdullah OBKongata,Spear,12514,LeSean McCoy,No
2017,27,3,3,Thanks.,Tsizz,14912,Alshon Jeffery,No
2017,28,3,4,Seabass and the Fellas,Geoff,16944,Devonta Freeman,No
2017,29,3,5,Eat The Sandwich,Spencer,14005,DeMarco Murray,No
2017,30,3,6,Captain Kirk's Enterprise,James,2976316,Michael Thomas,No
2017,31,3,7,The J.O.B. Squad,Tom,3115364,Leonard Fournette,No
2017,32,3,8,Gotham City Rogues,Dan,16731,Brandin Cooks,No
2017,33,3,9,Pray For Johnny Man-Zeer,Gavin,3117251,Christian McCaffrey,No
2017,34,3,10,Reverend Payne,Rob,14924,T.Y. Hilton,No
2017,35,3,11,Nothing to see Here,Ken,10456,Marshawn Lynch,No
2017,36,3,12,LSC Stud Muffins,Dylan,11237,Matt Ryan,No
2017,37,4,1,LSC Stud Muffins,Dylan,13295,Emmanuel Sanders,No
2017,38,4,2,Nothing to see Here,Ken,5528,Larry Fitzgerald,No
2017,39,4,3,Reverend Payne,Rob,14851,Terrelle Pryor Sr.,No
2017,40,4,4,Pray For Johnny Man-Zeer,Gavin,15795,DeAndre Hopkins,No
2017,41,4,5,Gotham City Rogues,Dan,2577134,Ty Montgomery,No
2017,42,4,6,The J.O.B. Squad,Tom,13215,Dez Bryant,No
2017,43,4,7,Captain Kirk's Enterprise,James,3059915,Kareem Hunt,No
2017,44,4,8,Eat The Sandwich,Spencer,17133,Isaiah Crowell,No
2017,45,4,9,Seabass and the Fellas,Geoff,15818,Keenan Allen,No
2017,46,4,10,Thanks.,Tsizz,15860,Jordan Reed,No
2017,47,4,11,Abdullah OBKongata,Spear,13217,Golden Tate,No
2017,48,4,12,Team Foote Longs,Wes,11788,Danny Woodhead,No
2017,49,5,1,Team Foote Longs,Wes,16777,Carlos Hyde,No
2017,50,5,2,Abdullah OBKongata,Spear,16730,Kelvin Benjamin,No
2017,51,5,3,Thanks.,Tsizz,16790,Jarvis Landry,No
2017,52,5,4,Seabass and the Fellas,Geoff,15847,Travis Kelce,No
2017,53,5,5,Eat The Sandwich,Spencer,12563,Michael Crabtree,No
2017,54,5,6,Captain Kirk's Enterprise,James,3116593,Dalvin Cook,No
2017,55,5,7,The J.O.B. Squad,Tom,3116406,Tyreek Hill,No
2017,56,5,8,Gotham City Rogues,Dan,3116385,Joe Mixon,No
2017,57,5,9,Pray For Johnny Man-Zeer,Gavin,16725,Sammy Watkins,No
2017,58,5,10,Reverend Payne,Rob,13981,Mark Ingram,No
2017,59,5,11,Nothing to see Here,Ken,15994,Theo Riddick,No
2017,60,5,12,LSC Stud Muffins,Dylan,16800,Davante Adams,No
2017,61,6,1,Team Foote Longs,Dylan,16757,Derek Carr,No
2017,62,6,2,Abdullah OBKongata,Ken,12579,Jeremy Maclin,No
2017,63,6,3,Thanks.,Rob,9761,Delanie Walker,No
2017,64,6,4,Seabass and the Fellas,Gavin,10452,Adrian Peterson,No
2017,65,6,5,Eat The Sandwich,Dan,16799,Allen Robinson,No
2017,66,6,6,Captain Kirk's Enterprise,Tom,13232,Jimmy Graham,No
2017,67,6,7,The J.O.B. Squad,James,2576716,Jamison Crowder,No
2017,68,6,8,Gotham City Rogues,Spencer,9705,Brandon Marshall,No
2017,69,6,9,Pray For Johnny Man-Zeer,Geoff,14129,Bilal Powell,No
2017,70,6,10,Reverend Payne,Tsizz,16791,Donte Moncrief,No
2017,71,6,11,Nothing to see Here,Spear,11439,Pierre Garcon,No
2017,72,6,12,LSC Stud Muffins,Wes,2976212,Stefon Diggs,No
2017,73,7,1,Team Foote Longs,Wes,15952,Mike Gillislee,No
2017,74,7,2,Abdullah OBKongata,Spear,2576336,Ameer Abdullah,No
2017,75,7,3,Thanks.,Tsizz,15848,Eddie Lacy,No
2017,76,7,4,Seabass and the Fellas,Geoff,16886,Martavis Bryant,No
2017,77,7,5,Eat The Sandwich,Spencer,16040,C.J. Anderson,No
2017,78,7,6,Captain Kirk's Enterprise,James,14880,Kirk Cousins,No
2017,79,7,7,The J.O.B. Squad,Tom,2971589,Paul Perkins,No
2017,80,7,8,Gotham City Rogues,Dan,2576623,DeVante Parker,No
2017,81,7,9,Pray For Johnny Man-Zeer,Gavin,8479,Frank Gore,No
2017,82,7,10,Reverend Payne,Rob,17258,Willie Snead,No
2017,83,7,11,Nothing to see Here,Ken,11283,DeSean Jackson,No
2017,84,7,12,LSC Stud Muffins,Dylan,14053,Randall Cobb,No
2017,85,8,1,LSC Stud Muffins,Dylan,14054,Kyle Rudolph,No
2017,86,8,2,Nothing to see Here,Ken,11295,Martellus Bennett,No
2017,87,8,3,Reverend Payne,Rob,11674,Danny Amendola,No
2017,88,8,4,Pray For Johnny Man-Zeer,Gavin,16783,Terrance West,No
2017,89,8,5,Gotham City Rogues,Dan,13271,Eric Decker,No
2017,90,8,6,The J.O.B. Squad,Tom,14874,Andrew Luck,No
2017,91,8,7,Captain Kirk's Enterprise,James,2575408,Rob Kelley,No
2017,92,8,8,Eat The Sandwich,Spencer,13994,Cam Newton,No
2017,93,8,9,Seabass and the Fellas,Geoff,14402,Chris Hogan,No
2017,94,8,10,Thanks.,Tsizz,11238,Darren McFadden,No
2017,95,8,11,Abdullah OBKongata,Spear,2576980,Marcus Mariota,No
2017,96,8,12,Team Foote Longs,Wes,12556,Kenny Britt,No
2017,97,9,1,Team Foote Longs,Wes,2577417,Dak Prescott,No
2017,98,9,2,Abdullah OBKongata,Spear,16460,Adam Thielen,No
2017,99,9,3,Thanks.,Tsizz,12483,Matthew Stafford,No
2017,100,9,4,Seabass and the Fellas,Geoff,15835,Zach Ertz,No
2017,101,9,5,Eat The Sandwich,Spencer,15788,Tyler Eifert,No
2017,102,9,6,Captain Kirk's Enterprise,James,14885,Doug Martin,No
2017,103,9,7,The J.O.B. Squad,Tom,2979477,Tevin Coleman,No
2017,104,9,8,Gotham City Rogues,Dan,2587819,Tyrell Williams,No
2017,105,9,9,Pray For Johnny Man-Zeer,Gavin,16763,Jordan Matthews,No
2017,106,9,10,Reverend Payne,Rob,-16007,Broncos D/ST,No
2017,107,9,11,Nothing to see Here,Ken,3046439,Hunter Henry,No
2017,108,9,12,LSC Stud Muffins,Dylan,10636,Mason Crosby,No
2017,109,10,1,Team Foote Longs,Dylan,-16023,Steelers D/ST,No
2017,110,10,2,Abdullah OBKongata,Ken,15683,Justin Tucker,No
2017,111,10,3,Thanks.,Rob,4333,Matt Bryant,No
2017,112,10,4,Seabass and the Fellas,Gavin,-16026,Seahawks D/ST,No
2017,113,10,5,Eat The Sandwich,Dan,2969962,Duke Johnson Jr.,No
2017,114,10,6,Captain Kirk's Enterprise,Tom,3042778,Corey Davis,No
2017,115,10,7,The J.O.B. Squad,James,16504,Jack Doyle,No
2017,116,10,8,Gotham City Rogues,Spencer,16913,James White,No
2017,117,10,9,Pray For Johnny Man-Zeer,Geoff,5536,Ben Roethlisberger,No
2017,118,10,10,Reverend Payne,Tsizz,3043078,Derrick Henry,No
2017,119,10,11,Nothing to see Here,Spear,16732,Eric Ebron,No
2017,120,10,12,LSC Stud Muffins,Wes,3059722,Zay Jones,No
2017,121,11,1,Team Foote Longs,Wes,4527,Jason Witten,No
2017,122,11,2,Abdullah OBKongata,Spear,3042435,Kevin White,No
2017,123,11,3,Thanks.,Tsizz,16803,Jeremy Hill,No
2017,124,11,4,Seabass and the Fellas,Geoff,11278,Matt Forte,No
2017,125,11,5,Eat The Sandwich,Spencer,15072,Marvin Jones Jr.,No
2017,126,11,6,Captain Kirk's Enterprise,James,16804,John Brown,No
2017,127,11,7,The J.O.B. Squad,Tom,5529,Philip Rivers,No
2017,128,11,8,Gotham City Rogues,Dan,13213,LeGarrette Blount,No
2017,129,11,9,Pray For Johnny Man-Zeer,Gavin,2976592,Sterling Shepard,No
2017,130,11,10,Reverend Payne,Rob,11247,Jonathan Stewart,No
2017,131,11,11,Nothing to see Here,Ken,14193,Jacquizz Rodgers,No
2017,132,11,12,LSC Stud Muffins,Dylan,14922,Mohamed Sanu,No
2017,133,12,1,LSC Stud Muffins,Dylan,15826,Giovani Bernard,No
2017,134,12,2,Nothing to see Here,Ken,-16022,Cardinals D/ST,No
2017,135,12,3,Reverend Payne,Rob,15102,Rishard Matthews,No
2017,136,12,4,Pray For Johnny Man-Zeer,Gavin,1097,Adam Vinatieri,No
2017,137,12,5,Gotham City Rogues,Dan,5526,Eli Manning,No
2017,138,12,6,The J.O.B. Squad,Tom,2978929,Corey Coleman,No
2017,139,12,7,Captain Kirk's Enterprise,James,2576237,Thomas Rawls,No
2017,140,12,8,Eat The Sandwich,Spencer,8544,Darren Sproles,No
2017,141,12,9,Seabass and the Fellas,Geoff,-16012,Chiefs D/ST,No
2017,142,12,10,Thanks.,Tsizz,-16030,Jaguars D/ST,No
2017,143,12,11,Abdullah OBKongata,Spear,2576019,Josh Doctson,No
2017,144,12,12,Team Foote Longs,Wes,10453,Ted Ginn Jr.,No
2017,145,13,1,Team Foote Longs,Wes,15920,Latavius Murray,No
2017,146,13,2,Abdullah OBKongata,Spear,2980453,Jamaal Williams,No
2017,147,13,3,Thanks.,Tsizz,12537,Jared Cook,No
2017,148,13,4,Seabass and the Fellas,Geoff,9704,Stephen Gostkowski,No
2017,149,13,5,Eat The Sandwich,Spencer,2980148,C.J. Prosise,No
2017,150,13,6,Captain Kirk's Enterprise,James,-16016,Vikings D/ST,No
2017,151,13,7,The J.O.B. Squad,Tom,3125116,D'Onta Foreman,No
2017,152,13,8,Gotham City Rogues,Dan,-16034,Texans D/ST,No
2017,153,13,9,Pray For Johnny Man-Zeer,Gavin,14032,Torrey Smith,No
2017,154,13,10,Reverend Payne,Rob,15966,Chris Thompson,No
2017,155,13,11,Nothing to see Here,Ken,2573079,Carson Wentz,No
2017,156,13,12,LSC Stud Muffins,Dylan,15971,Rex Burkhead,No
2017,157,14,1,Team Foote Longs,Dylan,14017,Shane Vereen,No
2017,158,14,2,Abdullah OBKongata,Ken,16016,Kenny Stills,No
2017,159,14,3,Thanks.,Rob,14163,Tyrod Taylor,No
2017,160,14,4,Seabass and the Fellas,Gavin,3051876,Evan Engram,No
2017,161,14,5,Eat The Sandwich,Dan,15965,Dustin Hopkins,No
2017,162,14,6,Captain Kirk's Enterprise,Tom,-16017,Patriots D/ST,No
2017,163,14,7,The J.O.B. Squad,James,14322,Dan Bailey,No
2017,164,14,8,Gotham City Rogues,Spencer,-16029,Panthers D/ST,No
2017,165,14,9,Pray For Johnny Man-Zeer,Geoff,3054850,Alvin Kamara,No
2017,166,14,10,Reverend Payne,Tsizz,2976516,T.J. Yeldon,No
2017,167,14,11,Nothing to see Here,Spear,11307,Jamaal Charles,No
2017,168,14,12,LSC Stud Muffins,Wes,3043275,Austin Hooper,No
2017,169,15,1,Team Foote Longs,Wes,11122,Matt Prater,No
2017,170,15,2,Abdullah OBKongata,Spear,-16004,Bengals D/ST,No
2017,171,15,3,Thanks.,Tsizz,15058,Blair Walsh,No
2017,172,15,4,Seabass and the Fellas,Geoff,16749,Charles Sims,No
2017,173,15,5,Eat The Sandwich,Spencer,14012,Andy Dalton,No
2017,174,15,6,Captain Kirk's Enterprise,James,17284,Charcandrick West,No
2017,175,15,7,The J.O.B. Squad,Tom,17453,Cameron Brate,No
2017,176,15,8,Gotham City Rogues,Dan,3043080,O.J. Howard,No
2017,177,15,9,Pray For Johnny Man-Zeer,Gavin,16787,Marqise Lee,No
2017,178,15,10,Reverend Payne,Rob,15880,Robert Woods,No
2017,179,15,11,Nothing to see Here,Ken,2977609,Devin Funchess,No
2017,180,15,12,LSC Stud Muffins,Dylan,3042429,Wendell Smallwood,No
2017,181,16,1,LSC Stud Muffins,Dylan,3116389,Samaje Perine,No
2017,182,16,2,Nothing to see Here,Ken,17177,Allen Hurns,No
2017,183,16,3,Reverend Payne,Rob,15349,Cole Beasley,No
2017,184,16,4,Pray For Johnny Man-Zeer,Gavin,17437,Taylor Gabriel,No
2017,185,16,5,Gotham City Rogues,Dan,3139605,Marlon Mack,No
2017,186,16,6,The J.O.B. Squad,Tom,2148,Sebastian Janikowski,No
2017,187,16,7,Captain Kirk's Enterprise,James,14909,Kendall Wright,No
2017,188,16,8,Eat The Sandwich,Spencer,17427,Cairo Santos,No
2017,189,16,9,Seabass and the Fellas,Geoff,2577654,DeAndre Washington,No
2017,190,16,10,Thanks.,Tsizz,15807,Cordarrelle Patterson,No
2017,191,16,11,Abdullah OBKongata,Spear,2985659,Wil Lutz,No
2017,192,16,12,Team Foote Longs,Wes,-16019,Giants D/ST,No
2018,1,1,1,Trust The Process,Tom,2977644,Todd Gurley II,Yes
2018,2,1,2,Team Foote Longs,Wes,3060022,Jordan Howard,Yes
2018,3,1,3,Spock's 1995 Toyota Camry,Tsizz,3116406,Tyreek Hill,Yes
2018,4,1,4,Eat The Sandwich,Spencer,3116593,Dalvin Cook,Yes
2018,5,1,5,LSC Stud Muffins,Dylan,15825,Le'Veon Bell,Yes
2018,6,1,6,Gotham City Rogues,Dan,13229,Rob Gronkowski,Yes
2018,7,1,7,SanchezIs MyKeeper,Spear,2576434,Melvin Gordon,Yes
2018,8,1,8,Team To Be Named Later,James,16733,Odell Beckham Jr.,Yes
2018,9,1,9,Ez Win 4U,Ken,5528,Larry Fitzgerald,Yes
2018,10,1,10,The Comeback of Johnny Man-Zeer,Gavin,13934,Antonio Brown,Yes
2018,11,1,11,Reverend Payne,Rob,2508176,David Johnson,Yes
2018,12,1,12,Seabass and the Fellas,Geoff,3054850,Alvin Kamara,Yes
2018,13,2,1,Trust The Process,Tom,3115364,Leonard Fournette,Yes
2018,14,2,2,Team Foote Longs,Wes,14886,Lamar Miller,Yes
2018,15,2,3,Spock's 1995 Toyota Camry,Tsizz,2976499,Amari Cooper,Yes
2018,16,2,4,Eat The Sandwich,Spencer,13994,Cam Newton,Yes
2018,17,2,5,LSC Stud Muffins,Dylan,3051392,Ezekiel Elliott,Yes
2018,18,2,6,Gotham City Rogues,Dan,3116385,Joe Mixon,Yes
2018,19,2,7,SanchezIs MyKeeper,Spear,8439,Aaron Rodgers,Yes
2018,20,2,8,Team To Be Named Later,James,2976316,Michael Thomas,Yes
2018,21,2,9,Ez Win 4U,Ken,14881,Russell Wilson,Yes
2018,22,2,10,The Comeback of Johnny Man-Zeer,Gavin,15795,DeAndre Hopkins,Yes
2018,23,2,11,Reverend Payne,Rob,14924,T.Y. Hilton,Yes
2018,24,2,12,Seabass and the Fellas,Geoff,13982,Julio Jones,Yes
2018,25,3,1,Trust The Process,Tom,3929630,Saquon Barkley,No
2018,26,3,2,Team Foote Longs,Wes,3059915,Kareem Hunt,No
2018,27,3,3,Spock's 1995 Toyota Camry,Tsizz,3117251,Christian McCaffrey,No
2018,28,3,4,Eat The Sandwich,Spencer,16944,Devonta Freeman,No
2018,29,3,5,LSC Stud Muffins,Dylan,3122840,Deshaun Watson,No
2018,30,3,6,Gotham City Rogues,Dan,15818,Keenan Allen,No
2018,31,3,7,SanchezIs MyKeeper,Spear,13983,A.J. Green,No
2018,32,3,8,Team To Be Named Later,James,16800,Davante Adams,No
2018,33,3,9,Ez Win 4U,Ken,12514,LeSean McCoy,No
2018,34,3,10,The Comeback of Johnny Man-Zeer,Gavin,2979843,Kenyan Drake,No
2018,35,3,11,Reverend Payne,Rob,16737,Mike Evans,No
2018,36,3,12,Seabass and the Fellas,Geoff,2330,Tom Brady,No
2018,37,4,1,Seabass and the Fellas,Geoff,15847,Travis Kelce,No
2018,38,4,2,Reverend Payne,Rob,2976212,Stefon Diggs,No
2018,39,4,3,The Comeback of Johnny Man-Zeer,Gavin,15835,Zach Ertz,No
2018,40,4,4,Ez Win 4U,Ken,16460,Adam Thielen,No
2018,41,4,5,Team To Be Named Later,James,14221,Doug Baldwin,No
2018,42,4,6,SanchezIs MyKeeper,Spear,13216,Demaryius Thomas,No
2018,43,4,7,Gotham City Rogues,Dan,16790,Jarvis Landry,No
2018,44,4,8,LSC Stud Muffins,Dylan,16799,Allen Robinson,No
2018,45,4,9,Eat The Sandwich,Spencer,13217,Golden Tate,No
2018,46,4,10,Spock's 1995 Toyota Camry,Tsizz,2573300,Jay Ajayi,No
2018,47,4,11,Team Foote Longs,Wes,14402,Chris Hogan,No
2018,48,4,12,Trust The Process,Tom,16731,Brandin Cooks,No
2018,49,5,1,Trust The Process,Tom,15072,Marvin Jones Jr.,No
2018,50,5,2,Team Foote Longs,Wes,15705,Josh Gordon,No
2018,51,5,3,Spock's 1995 Toyota Camry,Tsizz,10456,Marshawn Lynch,No
2018,52,5,4,Eat The Sandwich,Spencer,3120348,JuJu Smith-Schuster,No
2018,53,5,5,LSC Stud Muffins,Dylan,13232,Jimmy Graham,No
2018,54,5,6,Gotham City Rogues,Dan,3122672,Royce Freeman,No
2018,55,5,7,SanchezIs MyKeeper,Spear,3043078,Derrick Henry,No
2018,56,5,8,Team To Be Named Later,James,3046409,Alex Collins,No
2018,57,5,9,Ez Win 4U,Ken,14198,Dion Lewis,No
2018,58,5,10,The Comeback of Johnny Man-Zeer,Gavin,13981,Mark Ingram II,No
2018,59,5,11,Reverend Payne,Rob,16777,Carlos Hyde,No
2018,60,5,12,Seabass and the Fellas,Geoff,15971,Rex Burkhead,No
2018,61,6,1,Seabass and the Fellas,Geoff,12563,Michael Crabtree,No
2018,62,6,2,Reverend Payne,Rob,15880,Robert Woods,No
2018,63,6,3,The Comeback of Johnny Man-Zeer,Gavin,13295,Emmanuel Sanders,No
2018,64,6,4,Ez Win 4U,Ken,3042778,Corey Davis,No
2018,65,6,5,Team To Be Named Later,James,10475,Greg Olsen,No
2018,66,6,6,SanchezIs MyKeeper,Spear,15009,Alfred Morris,No
2018,67,6,7,Gotham City Rogues,Dan,15966,Chris Thompson,No
2018,68,6,8,LSC Stud Muffins,Dylan,9761,Delanie Walker,No
2018,69,6,9,Eat The Sandwich,Spencer,3051876,Evan Engram,No
2018,70,6,10,Spock's 1995 Toyota Camry,Tsizz,16725,Sammy Watkins,No
2018,71,6,11,Team Foote Longs,Wes,2574808,Robby Anderson,No
2018,72,6,12,Trust The Process,Tom,15839,Marquise Goodwin,No
2018,73,7,1,Trust The Process,Tom,2573079,Carson Wentz,No
2018,74,7,2,Team Foote Longs,Wes,14054,Kyle Rudolph,No
2018,75,7,3,Spock's 1995 Toyota Camry,Tsizz,14880,Kirk Cousins,No
2018,76,7,4,Eat The Sandwich,Spencer,2576716,Jamison Crowder,No
2018,77,7,5,LSC Stud Muffins,Dylan,15683,Justin Tucker,No
2018,78,7,6,Gotham City Rogues,Dan,3919596,Chris Carson,No
2018,79,7,7,SanchezIs MyKeeper,Spear,2977609,Devin Funchess,No
2018,80,7,8,Team To Be Named Later,James,2969962,Duke Johnson Jr.,No
2018,81,7,9,Ez Win 4U,Ken,15860,Jordan Reed,No
2018,82,7,10,The Comeback of Johnny Man-Zeer,Gavin,2977187,Cooper Kupp,No
2018,83,7,11,Reverend Payne,Rob,2979477,Tevin Coleman,No
2018,84,7,12,Seabass and the Fellas,Geoff,11439,Pierre Garcon,No
2018,85,8,1,Seabass and the Fellas,Geoff,14912,Alshon Jeffery,No
2018,86,8,2,Reverend Payne,Rob,5536,Ben Roethlisberger,No
2018,87,8,3,The Comeback of Johnny Man-Zeer,Gavin,14874,Andrew Luck,No
2018,88,8,4,Ez Win 4U,Ken,3052876,Will Fuller V,No
2018,89,8,5,Team To Be Named Later,James,2976592,Sterling Shepard,No
2018,90,8,6,SanchezIs MyKeeper,Spear,12649,Julian Edelman,No
2018,91,8,7,Gotham City Rogues,Dan,14053,Randall Cobb,No
2018,92,8,8,LSC Stud Muffins,Dylan,11270,Jordy Nelson,No
2018,93,8,9,Eat The Sandwich,Spencer,2980453,Jamaal Williams,No
2018,94,8,10,Spock's 1995 Toyota Camry,Tsizz,15788,Tyler Eifert,No
2018,95,8,11,Team Foote Longs,Wes,3051902,Peyton Barber,No
2018,96,8,12,Trust The Process,Tom,2971618,Nelson Agholor,No
2018,97,9,1,Trust The Process,Tom,3052177,John Ross,No
2018,98,9,2,Team Foote Longs,Wes,17177,Allen Hurns,No
2018,99,9,3,Spock's 1995 Toyota Camry,Tsizz,3066158,Tarik Cohen,No
2018,100,9,4,Eat The Sandwich,Spencer,16974,Trey Burton,No
2018,101,9,5,LSC Stud Muffins,Dylan,14922,Mohamed Sanu,No
2018,102,9,6,Gotham City Rogues,Dan,3128721,Sony Michel,No
2018,103,9,7,SanchezIs MyKeeper,Spear,17133,Isaiah Crowell,No
2018,104,9,8,Team To Be Named Later,James,10452,Adrian Peterson,No
2018,105,9,9,Ez Win 4U,Ken,3123076,David Njoku,No
2018,106,9,10,The Comeback of Johnny Man-Zeer,Gavin,16913,James White,No
2018,107,9,11,Reverend Payne,Rob,3916925,Kerryon Johnson,No
2018,108,9,12,Seabass and the Fellas,Geoff,16730,Kelvin Benjamin,No
2018,109,10,1,Seabass and the Fellas,Geoff,2576019,Josh Doctson,No
2018,110,10,2,Reverend Payne,Rob,14145,Charles Clay,No
2018,111,10,3,The Comeback of Johnny Man-Zeer,Gavin,2576623,DeVante Parker,No
2018,112,10,4,Ez Win 4U,Ken,3139605,Marlon Mack,No
2018,113,10,5,Team To Be Named Later,James,2580,Drew Brees,No
2018,114,10,6,SanchezIs MyKeeper,Spear,3139925,Rashaad Penny,No
2018,115,10,7,Gotham City Rogues,Dan,12483,Matthew Stafford,No
2018,116,10,8,LSC Stud Muffins,Dylan,11237,Matt Ryan,No
2018,117,10,9,Eat The Sandwich,Spencer,16016,Kenny Stills,No
2018,118,10,10,Spock's 1995 Toyota Camry,Tsizz,11674,Danny Amendola,No
2018,119,10,11,Team Foote Longs,Wes,2577134,Ty Montgomery,No
2018,120,10,12,Trust The Process,Tom,16504,Jack Doyle,No
2018,121,11,1,Trust The Process,Tom,16760,Jimmy Garoppolo,No
2018,122,11,2,Team Foote Longs,Wes,8416,Alex Smith,No
2018,123,11,3,Spock's 1995 Toyota Camry,Tsizz,3046779,Jared Goff,No
2018,124,11,4,Eat The Sandwich,Spencer,15994,Theo Riddick,No
2018,125,11,5,LSC Stud Muffins,Dylan,15826,Giovani Bernard,No
2018,126,11,6,Gotham City Rogues,Dan,2974858,Kenny Golladay,No
2018,127,11,7,SanchezIs MyKeeper,Spear,3071572,Keelan Cole,No
2018,128,11,8,Team To Be Named Later,James,3139477,Patrick Mahomes,No
2018,129,11,9,Ez Win 4U,Ken,-16030,Jaguars D/ST,No
2018,130,11,10,The Comeback of Johnny Man-Zeer,Gavin,2577327,Tyler Lockett,No
2018,131,11,11,Reverend Payne,Rob,-16021,Eagles D/ST,No
2018,132,11,12,Seabass and the Fellas,Geoff,16781,Paul Richardson,No
2018,133,12,1,Seabass and the Fellas,Geoff,4036348,Michael Gallup,No
2018,134,12,2,Reverend Payne,Rob,2520698,Cameron Meredith,No
2018,135,12,3,The Comeback of Johnny Man-Zeer,Gavin,14129,Bilal Powell,No
2018,136,12,4,Ez Win 4U,Ken,14993,Greg Zuerlein,No
2018,137,12,5,Team To Be Named Later,James,16804,John Brown,No
2018,138,12,6,SanchezIs MyKeeper,Spear,3116165,Chris Godwin,No
2018,139,12,7,Gotham City Rogues,Dan,3042519,Aaron Jones,No
2018,140,12,8,LSC Stud Muffins,Dylan,5362,Antonio Gates,No
2018,141,12,9,Eat The Sandwich,Spencer,-16016,Vikings D/ST,No
2018,142,12,10,Spock's 1995 Toyota Camry,Tsizz,16795,Austin Seferian-Jenkins,No
2018,143,12,11,Team Foote Longs,Wes,5557,Benjamin Watson,No
2018,144,12,12,Trust The Process,Tom,3049916,Matt Breida,No
2018,145,13,1,Trust The Process,Tom,3925357,Calvin Ridley,No
2018,146,13,2,Team Foote Longs,Wes,5529,Philip Rivers,No
2018,147,13,3,Spock's 1995 Toyota Camry,Tsizz,-16014,Rams D/ST,No
2018,148,13,4,Eat The Sandwich,Spencer,15102,Rishard Matthews,No
2018,149,13,5,LSC Stud Muffins,Dylan,-16034,Texans D/ST,No
2018,150,13,6,Gotham City Rogues,Dan,9704,Stephen Gostkowski,No
2018,151,13,7,SanchezIs MyKeeper,Spear,3915416,DJ Moore,No
2018,152,13,8,Team To Be Named Later,James,3051891,Jordan Wilkins,No
2018,153,13,9,Ez Win 4U,Ken,4333,Matt Bryant,No
2018,154,13,10,The Comeback of Johnny Man-Zeer,Gavin,3050487,Anthony Miller,No
2018,155,13,11,Reverend Payne,Rob,3045138,Mike Williams,No
2018,156,13,12,Seabass and the Fellas,Geoff,12601,Mike Wallace,No
2018,157,14,1,Seabass and the Fellas,Geoff,11283,DeSean Jackson,No
2018,158,14,2,Reverend Payne,Rob,3115913,Geronimo Allison,No
2018,159,14,3,The Comeback of Johnny Man-Zeer,Gavin,-16033,Ravens D/ST,No
2018,160,14,4,Ez Win 4U,Ken,2985659,Wil Lutz,No
2018,161,14,5,Team To Be Named Later,James,-16007,Broncos D/ST,No
2018,162,14,6,SanchezIs MyKeeper,Spear,3040151,George Kittle,No
2018,163,14,7,Gotham City Rogues,Dan,12537,Jared Cook,No
2018,164,14,8,LSC Stud Muffins,Dylan,2148,Sebastian Janikowski,No
2018,165,14,9,Eat The Sandwich,Spencer,15920,Latavius Murray,No
2018,166,14,10,Spock's 1995 Toyota Camry,Tsizz,17372,Chris Boswell,No
2018,167,14,11,Team Foote Longs,Wes,13213,LeGarrette Blount,No
2018,168,14,12,Trust The Process,Tom,3116164,Mike Gesicki,No
2018,169,15,1,Trust The Process,Tom,-16024,Chargers D/ST,No
2018,170,15,2,Team Foote Longs,Wes,-16017,Patriots D/ST,No
2018,171,15,3,Spock's 1995 Toyota Camry,Tsizz,16803,Jeremy Hill,No
2018,172,15,4,Eat The Sandwich,Spencer,3055899,Harrison Butker,No
2018,173,15,5,LSC Stud Muffins,Dylan,17258,Willie Snead IV,No
2018,174,15,6,Gotham City Rogues,Dan,3045147,James Conner,No
2018,175,15,7,SanchezIs MyKeeper,Spear,-16018,Saints D/ST,No
2018,176,15,8,Team To Be Named Later,James,3050478,Jake Elliott,No
2018,177,15,9,Ez Win 4U,Ken,9354,Robbie Gould,No
2018,178,15,10,The Comeback of Johnny Man-Zeer,Gavin,11122,Matt Prater,No
2018,179,15,11,Reverend Payne,Rob,1097,Adam Vinatieri,No
2018,180,15,12,Seabass and the Fellas,Geoff,-16010,Titans D/ST,No
2018,181,16,1,Seabass and the Fellas,Geoff,12460,Graham Gano,No
2018,182,16,2,Reverend Payne,Rob,16791,Donte Moncrief,No
2018,183,16,3,The Comeback of Johnny Man-Zeer,Gavin,2576980,Marcus Mariota,No
2018,184,16,4,Ez Win 4U,Ken,3122449,James Washington,No
2018,185,16,5,Team To Be Named Later,James,17453,Cameron Brate,No
2018,186,16,6,SanchezIs MyKeeper,Spear,12731,Ryan Succop,No
2018,187,16,7,Gotham City Rogues,Dan,-16029,Panthers D/ST,No
2018,188,16,8,LSC Stud Muffins,Dylan,15349,Cole Beasley,No
2018,189,16,9,Eat The Sandwich,Spencer,10453,Ted Ginn Jr.,No
2018,190,16,10,Spock's 1995 Toyota Camry,Tsizz,16899,Quincy Enunwa,No
2018,191,16,11,Team Foote Longs,Wes,3051909,Daniel Carlson,No
2018,192,16,12,Trust The Process,Tom,10636,Mason Crosby,No
2019,1,1,1,LSC Stud Muffins,Dylan,15825,Le'Veon Bell,Yes
2019,2,1,2,SCOTTS TOTS,Ken,16460,Adam Thielen,Yes
2019,3,1,3,Victim Complexes,Wes,2976316,Michael Thomas,Yes
2019,4,1,4,Clutch Gene,Spear,12649,Julian Edelman,Yes
2019,5,1,5,Seabass and the Fellas,Geoff,15847,Travis Kelce,Yes
2019,6,1,6,Eat The Sandwich,Spencer,3120348,JuJu Smith-Schuster,Yes
2019,7,1,7,Trust The Process,Tom,2977644,Todd Gurley II,Yes
2019,8,1,8,Subverted Expectations,Tsizz,3116406,Tyreek Hill,Yes
2019,9,1,9,Gotham City Rogues,Dan,3045147,James Conner,Yes
2019,10,1,10,Reverend Payne,Rob,15880,Robert Woods,Yes
2019,11,1,11,The Comeback of Johnny Man-Zeer,Gavin,15795,DeAndre Hopkins,Yes
2019,12,1,12,John Loves Dogs,James,16800,Davante Adams,Yes
2019,13,2,1,LSC Stud Muffins,Dylan,3051392,Ezekiel Elliott,Yes
2019,14,2,2,SCOTTS TOTS,Ken,2508176,David Johnson,No
2019,15,2,3,Victim Complexes,Wes,3128720,Nick Chubb,No
2019,16,2,4,Clutch Gene,Spear,3040151,George Kittle,Yes
2019,17,2,5,Seabass and the Fellas,Geoff,3054850,Alvin Kamara,Yes
2019,18,2,6,Eat The Sandwich,Spencer,3116593,Dalvin Cook,Yes
2019,19,2,7,Trust The Process,Tom,3929630,Saquon Barkley,Yes
2019,20,2,8,Subverted Expectations,Tsizz,3117251,Christian McCaffrey,Yes
2019,21,2,9,Gotham City Rogues,Dan,3116385,Joe Mixon,Yes
2019,22,2,10,Reverend Payne,Rob,13982,Julio Jones,No
2019,23,2,11,The Comeback of Johnny Man-Zeer,Gavin,15835,Zach Ertz,Yes
2019,24,2,12,John Loves Dogs,James,16733,Odell Beckham Jr.,Yes
2019,25,3,1,LSC Stud Muffins,Dylan,3139477,Patrick Mahomes,No
2019,26,3,2,SCOTTS TOTS,Ken,13934,Antonio Brown,No
2019,27,3,3,Victim Complexes,Wes,3916925,Kerryon Johnson,No
2019,28,3,4,Clutch Gene,Spear,16737,Mike Evans,No
2019,29,3,5,Seabass and the Fellas,Geoff,15818,Keenan Allen,No
2019,30,3,6,Eat The Sandwich,Spencer,3115364,Leonard Fournette,No
2019,31,3,7,Trust The Process,Tom,2976499,Amari Cooper,No
2019,32,3,8,Subverted Expectations,Tsizz,16944,Devonta Freeman,No
2019,33,3,9,Gotham City Rogues,Dan,4047365,Josh Jacobs,No
2019,34,3,10,Reverend Payne,Rob,3919596,Chris Carson,No
2019,35,3,11,The Comeback of Johnny Man-Zeer,Gavin,3043078,Derrick Henry,No
2019,36,3,12,John Loves Dogs,James,3042519,Aaron Jones,No
2019,37,4,1,John Loves Dogs,James,4035538,David Montgomery,No
2019,38,4,2,The Comeback of Johnny Man-Zeer,Gavin,13981,Mark Ingram II,No
2019,39,4,3,Reverend Payne,Rob,16913,James White,No
2019,40,4,4,Gotham City Rogues,Dan,2976212,Stefon Diggs,No
2019,41,4,5,Subverted Expectations,Tsizz,3128721,Sony Michel,No
2019,42,4,6,Trust The Process,Tom,16731,Brandin Cooks,No
2019,43,4,7,Eat The Sandwich,Spencer,2977187,Cooper Kupp,No
2019,44,4,8,Seabass and the Fellas,Geoff,2576434,Melvin Gordon,No
2019,45,4,9,Clutch Gene,Spear,2974858,Kenny Golladay,No
2019,46,4,10,Victim Complexes,Wes,2969962,Duke Johnson,No
2019,47,4,11,SCOTTS TOTS,Ken,2979843,Kenyan Drake,No
2019,48,4,12,LSC Stud Muffins,Dylan,14924,T.Y. Hilton,No
2019,49,5,1,LSC Stud Muffins,Dylan,3052117,Phillip Lindsay,No
2019,50,5,2,SCOTTS TOTS,Ken,3843750,Derrius Guice,No
2019,51,5,3,Victim Complexes,James,3116165,Chris Godwin,No
2019,52,5,4,Clutch Gene,Spear,2577327,Tyler Lockett,No
2019,53,5,5,Seabass and the Fellas,Geoff,14912,Alshon Jeffery,No
2019,54,5,6,Eat The Sandwich,Spencer,3051876,Evan Engram,No
2019,55,5,7,Trust The Process,Tom,3043080,O.J. Howard,No
2019,56,5,8,Subverted Expectations,Tsizz,3045138,Mike Williams,No
2019,57,5,9,Gotham City Rogues,Dan,3045144,Tyler Boyd,No
2019,58,5,10,Reverend Payne,Rob,3046439,Hunter Henry,No
2019,59,5,11,The Comeback of Johnny Man-Zeer,Gavin,3915416,DJ Moore,No
2019,60,5,12,John Loves Dogs,James,3139605,Marlon Mack,No
2019,61,6,1,John Loves Dogs,James,2976592,Sterling Shepard,No
2019,62,6,2,The Comeback of Johnny Man-Zeer,Gavin,16799,Allen Robinson II,No
2019,63,6,3,Reverend Payne,Rob,3925357,Calvin Ridley,No
2019,64,6,4,Gotham City Rogues,Dan,12537,Jared Cook,No
2019,65,6,5,Subverted Expectations,Tsizz,15705,Josh Gordon,No
2019,66,6,6,Trust The Process,Tom,3122840,Deshaun Watson,No
2019,67,6,7,Eat The Sandwich,Spencer,3066158,Tarik Cohen,No
2019,68,6,8,Seabass and the Fellas,Geoff,16725,Sammy Watkins,No
2019,69,6,9,Clutch Gene,Spear,2979477,Tevin Coleman,No
2019,70,6,10,Victim Complexes,Wes,4040761,Devin Singletary,No
2019,71,6,11,SCOTTS TOTS,Ken,16790,Jarvis Landry,No
2019,72,6,12,LSC Stud Muffins,Dylan,15683,Justin Tucker,No
2019,73,7,1,LSC Stud Muffins,Dylan,3123076,David Njoku,No
2019,74,7,2,SCOTTS TOTS,Ken,17359,Damien Williams,No
2019,75,7,3,Victim Complexes,Wes,3068267,Austin Ekeler,No
2019,76,7,4,Clutch Gene,Spear,4045163,Miles Sanders,No
2019,77,7,5,Seabass and the Fellas,Geoff,11237,Matt Ryan,No
2019,78,7,6,Eat The Sandwich,Spencer,2574808,Robby Anderson,No
2019,79,7,7,Trust The Process,Tom,3052876,Will Fuller V,No
2019,80,7,8,Subverted Expectations,Tsizz,8439,Aaron Rodgers,No
2019,81,7,9,Gotham City Rogues,Dan,3052587,Baker Mayfield,No
2019,82,7,10,Reverend Payne,Rob,2577417,Dak Prescott,No
2019,83,7,11,The Comeback of Johnny Man-Zeer,Gavin,12514,LeSean McCoy,No
2019,84,7,12,John Loves Dogs,James,13983,A.J. Green,No
2019,85,8,1,John Loves Dogs,James,2573079,Carson Wentz,No
2019,86,8,2,The Comeback of Johnny Man-Zeer,Gavin,13994,Cam Newton,No
2019,87,8,3,Reverend Payne,Rob,3892889,Dede Westbrook,No
2019,88,8,4,Gotham City Rogues,Dan,3895856,Christian Kirk,No
2019,89,8,5,Subverted Expectations,Tsizz,9761,Delanie Walker,No
2019,90,8,6,Trust The Process,Tom,13295,Emmanuel Sanders,No
2019,91,8,7,Eat The Sandwich,Spencer,14881,Russell Wilson,No
2019,92,8,8,Seabass and the Fellas,Geoff,15072,Marvin Jones Jr.,No
2019,93,8,9,Clutch Gene,Spear,3121427,Curtis Samuel,No
2019,94,8,10,Victim Complexes,Wes,2576716,Jamison Crowder,No
2019,95,8,11,SCOTTS TOTS,Ken,15853,Vance McDonald,No
2019,96,8,12,LSC Stud Muffins,Dylan,3043275,Austin Hooper,No
2019,97,9,1,LSC Stud Muffins,Dylan,2330,Tom Brady,No
2019,98,9,2,SCOTTS TOTS,Ken,5536,Ben Roethlisberger,No
2019,99,9,3,Victim Complexes,Wes,3042778,Corey Davis,No
2019,100,9,4,Clutch Gene,Spear,3049916,Matt Breida,No
2019,101,9,5,Seabass and the Fellas,Geoff,3122672,Royce Freeman,No
2019,102,9,6,Eat The Sandwich,Spencer,15920,Latavius Murray,No
2019,103,9,7,Trust The Process,Tom,3139925,Rashaad Penny,No
2019,104,9,8,Subverted Expectations,Tsizz,-16003,Bears D/ST,No
2019,105,9,9,Gotham City Rogues,Dan,3122449,James Washington,No
2019,106,9,10,Reverend Payne,Rob,3128429,Courtland Sutton,No
2019,107,9,11,The Comeback of Johnny Man-Zeer,Gavin,16791,Donte Moncrief,No
2019,108,9,12,John Loves Dogs,James,3916430,Nyheim Hines,No
2019,109,10,1,John Loves Dogs,James,3917315,Kyler Murray,No
2019,110,10,2,The Comeback of Johnny Man-Zeer,Gavin,-16030,Jaguars D/ST,No
2019,111,10,3,Reverend Payne,Rob,4036348,Michael Gallup,No
2019,112,10,4,Gotham City Rogues,Dan,3060022,Jordan Howard,No
2019,113,10,5,Subverted Expectations,Tsizz,14993,Greg Zuerlein,No
2019,114,10,6,Trust The Process,Tom,4047650,DK Metcalf,No
2019,115,10,7,Eat The Sandwich,Spencer,5528,Larry Fitzgerald,No
2019,116,10,8,Seabass and the Fellas,Geoff,16974,Trey Burton,No
2019,117,10,9,Clutch Gene,Spear,2580,Drew Brees,No
2019,118,10,10,Victim Complexes,Wes,3046779,Jared Goff,No
2019,119,10,11,SCOTTS TOTS,Ken,3051738,Marquez Valdes-Scantling,No
2019,120,10,12,LSC Stud Muffins,Dylan,3127306,Dante Pettis,No
2019,121,11,1,LSC Stud Muffins,Dylan,3051902,Peyton Barber,No
2019,122,11,2,SCOTTS TOTS,Ken,3055899,Harrison Butker,No
2019,123,11,3,Victim Complexes,Wes,2587819,Tyrell Williams,No
2019,124,11,4,Clutch Gene,Spear,2972091,Jalen Richard,No
2019,125,11,5,Seabass and the Fellas,Geoff,9704,Stephen Gostkowski,No
2019,126,11,6,Eat The Sandwich,Spencer,13217,Golden Tate,No
2019,127,11,7,Trust The Process,Tom,4039359,Darrell Henderson Jr.,No
2019,128,11,8,Subverted Expectations,Tsizz,14198,Dion Lewis,No
2019,129,11,9,Gotham City Rogues,Dan,3116721,Jaylen Samuels,No
2019,130,11,10,Reverend Payne,Rob,4333,Matt Bryant,No
2019,131,11,11,The Comeback of Johnny Man-Zeer,Gavin,11283,DeSean Jackson,No
2019,132,11,12,John Loves Dogs,James,16504,Jack Doyle,No
2019,133,12,1,John Loves Dogs,James,3915823,Keke Coutee,No
2019,134,12,2,The Comeback of Johnny Man-Zeer,Gavin,2576491,Adam Humphries,No
2019,135,12,3,Reverend Payne,Rob,3115913,Geronimo Allison,No
2019,136,12,4,Gotham City Rogues,Dan,15860,Jordan Reed,No
2019,137,12,5,Subverted Expectations,Tsizz,14922,Mohamed Sanu Sr.,No
2019,138,12,6,Trust The Process,Tom,3916387,Lamar Jackson,No
2019,139,12,7,Eat The Sandwich,Spencer,3128774,Kalen Ballage,No
2019,140,12,8,Seabass and the Fellas,Geoff,3039707,Mitchell Trubisky,No
2019,141,12,9,Clutch Gene,Spear,3050487,Anthony Miller,No
2019,142,12,10,Victim Complexes,Wes,16804,John Brown,No
2019,143,12,11,SCOTTS TOTS,Ken,-16002,Bills D/ST,No
2019,144,12,12,LSC Stud Muffins,Dylan,-16014,Rams D/ST,No
2019,145,13,1,LSC Stud Muffins,Dylan,17051,Albert Wilson,No
2019,146,13,2,SCOTTS TOTS,Ken,16781,Paul Richardson Jr.,No
2019,147,13,3,Victim Complexes,Wes,3116365,Mark Andrews,No
2019,148,13,4,Clutch Gene,Spear,-16016,Vikings D/ST,No
2019,149,13,5,Seabass and the Fellas,Geoff,-16005,Browns D/ST,No
2019,150,13,6,Eat The Sandwich,Spencer,16777,Carlos Hyde,No
2019,151,13,7,Trust The Process,Tom,-16024,Chargers D/ST,No
2019,152,13,8,Subverted Expectations,Tsizz,15826,Giovani Bernard,No
2019,153,13,9,Gotham City Rogues,Dan,-16021,Eagles D/ST,No
2019,154,13,10,Reverend Payne,Rob,-16018,Saints D/ST,No
2019,155,13,11,The Comeback of Johnny Man-Zeer,Gavin,2985659,Wil Lutz,No
2019,156,13,12,John Loves Dogs,James,10475,Greg Olsen,No
2019,157,14,1,John Loves Dogs,James,-16017,Patriots D/ST,No
2019,158,14,2,The Comeback of Johnny Man-Zeer,Gavin,3057987,DaeSean Hamilton,No
2019,159,14,3,Reverend Payne,Rob,10453,Ted Ginn Jr.,No
2019,160,14,4,Gotham City Rogues,Dan,2576623,DeVante Parker,No
2019,161,14,5,Subverted Expectations,Tsizz,15349,Cole Beasley,No
2019,162,14,6,Trust The Process,Tom,3912550,Ronald Jones II,No
2019,163,14,7,Eat The Sandwich,Spencer,3059915,Kareem Hunt,No
2019,164,14,8,Seabass and the Fellas,Geoff,15966,Chris Thompson,No
2019,165,14,9,Clutch Gene,Spear,2971573,Ka'imi Fairbairn,No
2019,166,14,10,Victim Complexes,Wes,16732,Eric Ebron,No
2019,167,14,11,SCOTTS TOTS,Ken,-16010,Titans D/ST,No
2019,168,14,12,LSC Stud Muffins,Dylan,9354,Robbie Gould,No
2019,169,15,1,LSC Stud Muffins,Dylan,3123052,Michael Badgley,No
2019,170,15,2,SCOTTS TOTS,Ken,3115394,DJ Chark Jr.,No
2019,171,15,3,Victim Complexes,Wes,5529,Philip Rivers,No
2019,172,15,4,Clutch Gene,Spear,16486,Brett Maher,No
2019,173,15,5,Seabass and the Fellas,Geoff,4241372,Marquise Brown,No
2019,174,15,6,Eat The Sandwich,Spencer,-16033,Ravens D/ST,No
2019,175,15,7,Trust The Process,Tom,4036133,T.J. Hockenson,No
2019,176,15,8,Subverted Expectations,Tsizz,2969939,Jameis Winston,No
2019,177,15,9,Gotham City Rogues,Dan,4038441,Justice Hill,No
2019,178,15,10,Reverend Payne,Rob,3121422,Terry McLaurin,No
2019,179,15,11,The Comeback of Johnny Man-Zeer,Gavin,14054,Kyle Rudolph,No
2019,180,15,12,John Loves Dogs,James,3050478,Jake Elliott,No
2019,181,16,1,John Loves Dogs,Wes,-16023,Steelers D/ST,No
2019,182,16,2,The Comeback of Johnny Man-Zeer,Gavin,2578533,Chris Conley,No
2019,183,16,3,Reverend Payne,Rob,14880,Kirk Cousins,No
2019,184,16,4,Gotham City Rogues,Dan,11122,Matt Prater,No
2019,185,16,5,Subverted Expectations,Tsizz,13232,Jimmy Graham,No
2019,186,16,6,Trust The Process,Tom,3068939,Aldrick Rosas,No
2019,187,16,7,Eat The Sandwich,Spencer,10636,Mason Crosby,No
2019,188,16,8,Seabass and the Fellas,Geoff,3116136,Justin Jackson,No
2019,189,16,9,Clutch Gene,Spear,8479,Frank Gore,No
2019,190,16,10,Victim Complexes,Wes,12731,Ryan Succop,No
2019,191,16,11,SCOTTS TOTS,Ken,4527,Jason Witten,No
2019,192,16,12,LSC Stud Muffins,Dylan,2977609,Devin Funchess,No
2020,1,1,1,"Set, Hut!",Connor,3117251,Christian McCaffrey,No
2020,2,1,2,FightOwens Fight!,Spear,3929630,Saquon Barkley,No
2020,3,1,3,1-800-Miwacle,Rob,3051392,Ezekiel Elliott,No
2020,4,1,4,Seabass and the Fellas,Geoff,3116593,Dalvin Cook,No
2020,5,1,5,Gotham City Rogues,Dan,3054850,Alvin Kamara,No
2020,6,1,6,He's Still Alive,Ken,2976316,Michael Thomas,No
2020,7,1,7,"Make POs, Lose In QFs, Repeat",Tsizz,3043078,Derrick Henry,No
2020,8,1,8,Eat The Sandwich,Spencer,4242214,Clyde Edwards-Helaire,No
2020,9,1,9,John Loves Dogs,James,3068267,Austin Ekeler,No
2020,10,1,10,Wreck Everyone and Lose,Tom,4045163,Miles Sanders,No
2020,11,1,11,The Comeback of Johnny Man-Zeer,Gavin,4047365,Josh Jacobs,No
2020,12,1,12,Victim Complexes,Wes,3042519,Aaron Jones,No
2020,13,2,1,Victim Complexes,Wes,3116385,Joe Mixon,No
2020,14,2,2,The Comeback of Johnny Man-Zeer,Gavin,3916387,Lamar Jackson,No
2020,15,2,3,Wreck Everyone and Lose,Tom,2979843,Kenyan Drake,No
2020,16,2,4,John Loves Dogs,James,16800,Davante Adams,No
2020,17,2,5,Eat The Sandwich,Spencer,13982,Julio Jones,No
2020,18,2,6,"Make POs, Lose In QFs, Repeat",Tsizz,3128720,Nick Chubb,No
2020,19,2,7,He's Still Alive,Ken,15847,Travis Kelce,No
2020,20,2,8,Gotham City Rogues,Dan,3040151,George Kittle,No
2020,21,2,9,Seabass and the Fellas,Geoff,3116406,Tyreek Hill,No
2020,22,2,10,1-800-Miwacle,Rob,15795,DeAndre Hopkins,No
2020,23,2,11,FightOwens Fight!,Spear,3116165,Chris Godwin,No
2020,24,2,12,"Set, Hut!",Connor,16737,Mike Evans,No
2020,25,3,1,"Set, Hut!",Connor,16733,Odell Beckham Jr.,No
2020,26,3,2,FightOwens Fight!,Spear,2974858,Kenny Golladay,No
2020,27,3,3,1-800-Miwacle,Rob,16460,Adam Thielen,No
2020,28,3,4,Seabass and the Fellas,Geoff,3915416,DJ Moore,No
2020,29,3,5,Gotham City Rogues,Dan,2976499,Amari Cooper,No
2020,30,3,6,He's Still Alive,Ken,2508176,David Johnson,No
2020,31,3,7,"Make POs, Lose In QFs, Repeat",Tsizz,3045147,James Conner,No
2020,32,3,8,Eat The Sandwich,Spencer,3120348,JuJu Smith-Schuster,No
2020,33,3,9,John Loves Dogs,James,16799,Allen Robinson II,No
2020,34,3,10,Wreck Everyone and Lose,Tom,3139477,Patrick Mahomes,No
2020,35,3,11,The Comeback of Johnny Man-Zeer,Gavin,2977187,Cooper Kupp,No
2020,36,3,12,Victim Complexes,Wes,3919596,Chris Carson,No
2020,37,4,1,Victim Complexes,Wes,2576434,Melvin Gordon III,No
2020,38,4,2,The Comeback of Johnny Man-Zeer,Gavin,2977644,Todd Gurley II,No
2020,39,4,3,Wreck Everyone and Lose,Tom,3925357,Calvin Ridley,No
2020,40,4,4,John Loves Dogs,James,15880,Robert Woods,No
2020,41,4,5,Eat The Sandwich,Spencer,15825,Le'Veon Bell,No
2020,42,4,6,"Make POs, Lose In QFs, Repeat",Tsizz,3128429,Courtland Sutton,No
2020,43,4,7,He's Still Alive,Ken,3059915,Kareem Hunt,No
2020,44,4,8,Gotham City Rogues,Dan,4047646,A.J. Brown,No
2020,45,4,9,Seabass and the Fellas,Geoff,2577327,Tyler Lockett,No
2020,46,4,10,1-800-Miwacle,Rob,3122840,Deshaun Watson,No
2020,47,4,11,FightOwens Fight!,Spear,3116365,Mark Andrews,No
2020,48,4,12,"Set, Hut!",Connor,4047650,DK Metcalf,No
2020,49,5,1,"Set, Hut!",Connor,13981,Mark Ingram II,No
2020,50,5,2,FightOwens Fight!,Spear,15835,Zach Ertz,No
2020,51,5,3,1-800-Miwacle,Rob,2576925,Darren Waller,No
2020,52,5,4,Seabass and the Fellas,Geoff,4242335,Jonathan Taylor,No
2020,53,5,5,Gotham City Rogues,Dan,4240021,Cam Akers,No
2020,54,5,6,He's Still Alive,Ken,15818,Keenan Allen,No
2020,55,5,7,"Make POs, Lose In QFs, Repeat",Tsizz,3115394,DJ Chark Jr.,No
2020,56,5,8,Eat The Sandwich,Spencer,3121422,Terry McLaurin,No
2020,57,5,9,John Loves Dogs,James,4360294,Antonio Gibson,No
2020,58,5,10,Wreck Everyone and Lose,Tom,2576623,DeVante Parker,No
2020,59,5,11,The Comeback of Johnny Man-Zeer,Gavin,16790,Jarvis Landry,No
2020,60,5,12,Victim Complexes,Wes,2976212,Stefon Diggs,No
2020,61,6,1,Victim Complexes,Wes,4036348,Michael Gallup,No
2020,62,6,2,The Comeback of Johnny Man-Zeer,Gavin,15072,Marvin Jones Jr.,No
2020,63,6,3,Wreck Everyone and Lose,Tom,3051876,Evan Engram,No
2020,64,6,4,John Loves Dogs,James,4241372,Marquise Brown,No
2020,65,6,5,Eat The Sandwich,Spencer,14924,T.Y. Hilton,No
2020,66,6,6,"Make POs, Lose In QFs, Repeat",Tsizz,3052876,Will Fuller V,No
2020,67,6,7,He's Still Alive,Ken,13983,A.J. Green,No
2020,68,6,8,Gotham City Rogues,Dan,4040761,Devin Singletary,No
2020,69,6,9,Seabass and the Fellas,Geoff,3045144,Tyler Boyd,No
2020,70,6,10,1-800-Miwacle,Rob,3916925,Kerryon Johnson,No
2020,71,6,11,FightOwens Fight!,Spear,4259545,D'Andre Swift,No
2020,72,6,12,"Set, Hut!",Connor,3066158,Tarik Cohen,No
2020,73,7,1,"Set, Hut!",Connor,3917315,Kyler Murray,No
2020,74,7,2,FightOwens Fight!,Spear,4035538,David Montgomery,No
2020,75,7,3,1-800-Miwacle,Rob,12649,Julian Edelman,No
2020,76,7,4,Seabass and the Fellas,Geoff,2577417,Dak Prescott,No
2020,77,7,5,Gotham City Rogues,Dan,2976592,Sterling Shepard,No
2020,78,7,6,He's Still Alive,Ken,3126486,Deebo Samuel,No
2020,79,7,7,"Make POs, Lose In QFs, Repeat",Tsizz,14881,Russell Wilson,No
2020,80,7,8,Eat The Sandwich,Spencer,2576414,Raheem Mostert,No
2020,81,7,9,John Loves Dogs,James,2573401,Tyler Higbee,No
2020,82,7,10,Wreck Everyone and Lose,Tom,3115364,Leonard Fournette,No
2020,83,7,11,The Comeback of Johnny Man-Zeer,Gavin,16731,Brandin Cooks,No
2020,84,7,12,Victim Complexes,Wes,3932905,Diontae Johnson,No
2020,85,8,1,Victim Complexes,Wes,2330,Tom Brady,No
2020,86,8,2,The Comeback of Johnny Man-Zeer,Gavin,13229,Rob Gronkowski,No
2020,87,8,3,Wreck Everyone and Lose,Tom,3895856,Christian Kirk,No
2020,88,8,4,John Loves Dogs,James,16913,James White,No
2020,89,8,5,Eat The Sandwich,Spencer,3052117,Phillip Lindsay,No
2020,90,8,6,"Make POs, Lose In QFs, Repeat",Tsizz,12537,Jared Cook,No
2020,91,8,7,He's Still Alive,Ken,3912550,Ronald Jones II,No
2020,92,8,8,Gotham City Rogues,Dan,4241985,J.K. Dobbins,No
2020,93,8,9,Seabass and the Fellas,Geoff,3060022,Jordan Howard,No
2020,94,8,10,1-800-Miwacle,Rob,2576716,Jamison Crowder,No
2020,95,8,11,FightOwens Fight!,Spear,3049916,Matt Breida,No
2020,96,8,12,"Set, Hut!",Connor,3916945,Darius Slayton,No
2020,97,9,1,"Set, Hut!",Connor,3046439,Hunter Henry,No
2020,98,9,2,FightOwens Fight!,Spear,4035676,Zack Moss,No
2020,99,9,3,1-800-Miwacle,Rob,-16023,Steelers D/ST,No
2020,100,9,4,Seabass and the Fellas,Geoff,4039359,Darrell Henderson Jr.,No
2020,101,9,5,Gotham City Rogues,Dan,2574808,Robby Anderson,No
2020,102,9,6,He's Still Alive,Ken,13217,Golden Tate,No
2020,103,9,7,"Make POs, Lose In QFs, Repeat",Tsizz,-16002,Bills D/ST,No
2020,104,9,8,Eat The Sandwich,Spencer,2580,Drew Brees,No
2020,105,9,9,John Loves Dogs,James,3924365,Hayden Hurst,No
2020,106,9,10,Wreck Everyone and Lose,Tom,4241389,CeeDee Lamb,No
2020,107,9,11,The Comeback of Johnny Man-Zeer,Gavin,4241475,Henry Ruggs III,No
2020,108,9,12,Victim Complexes,Wes,13295,Emmanuel Sanders,No
2020,109,10,1,Victim Complexes,Wes,4036131,Noah Fant,No
2020,110,10,2,The Comeback of Johnny Man-Zeer,Gavin,4048244,Alexander Mattison,No
2020,111,10,3,Wreck Everyone and Lose,Tom,4241463,Jerry Jeudy,No
2020,112,10,4,John Loves Dogs,James,2573079,Carson Wentz,No
2020,113,10,5,Eat The Sandwich,Spencer,3043275,Austin Hooper,No
2020,114,10,6,"Make POs, Lose In QFs, Repeat",Tsizz,3055899,Harrison Butker,No
2020,115,10,7,He's Still Alive,Ken,11237,Matt Ryan,No
2020,116,10,8,Gotham City Rogues,Dan,4047839,N'Keal Harry,No
2020,117,10,9,Seabass and the Fellas,Geoff,3915399,Preston Williams,No
2020,118,10,10,1-800-Miwacle,Rob,15683,Justin Tucker,No
2020,119,10,11,FightOwens Fight!,Spear,16804,John Brown,No
2020,120,10,12,"Set, Hut!",Connor,15920,Latavius Murray,No
2020,121,11,1,"Set, Hut!",Connor,11283,DeSean Jackson,No
2020,122,11,2,FightOwens Fight!,Spear,3918298,Josh Allen,No
2020,123,11,3,1-800-Miwacle,Rob,3128721,Sony Michel,No
2020,124,11,4,Seabass and the Fellas,Geoff,4036133,T.J. Hockenson,No
2020,125,11,5,Gotham City Rogues,Dan,13994,Cam Newton,No
2020,126,11,6,He's Still Alive,Ken,2969962,Duke Johnson,No
2020,127,11,7,"Make POs, Lose In QFs, Repeat",Tsizz,2979477,Tevin Coleman,No
2020,128,11,8,Eat The Sandwich,Spencer,2972460,Breshad Perriman,No
2020,129,11,9,John Loves Dogs,James,3045138,Mike Williams,No
2020,130,11,10,Wreck Everyone and Lose,Tom,3116164,Mike Gesicki,No
2020,131,11,11,The Comeback of Johnny Man-Zeer,Gavin,4262921,Justin Jefferson,No
2020,132,11,12,Victim Complexes,Wes,3121023,Dallas Goedert,No
2020,133,12,1,Victim Complexes,Wes,3917792,Daniel Jones,No
2020,134,12,2,The Comeback of Johnny Man-Zeer,Gavin,8439,Aaron Rodgers,No
2020,135,12,3,Wreck Everyone and Lose,Tom,3916430,Nyheim Hines,No
2020,136,12,4,John Loves Dogs,James,5536,Ben Roethlisberger,No
2020,137,12,5,Eat The Sandwich,Spencer,3121427,Curtis Samuel,No
2020,138,12,6,"Make POs, Lose In QFs, Repeat",Tsizz,14912,Alshon Jeffery,No
2020,139,12,7,He's Still Alive,Ken,4035004,Mecole Hardman,No
2020,140,12,8,Gotham City Rogues,Dan,12483,Matthew Stafford,No
2020,141,12,9,Seabass and the Fellas,Geoff,3050487,Anthony Miller,No
2020,142,12,10,1-800-Miwacle,Rob,15966,Chris Thompson,No
2020,143,12,11,FightOwens Fight!,Spear,3916148,Tony Pollard,No
2020,144,12,12,"Set, Hut!",Connor,-16025,49ers D/ST,No
2020,145,13,1,"Set, Hut!",Connor,3119195,Chase Edmonds,No
2020,146,13,2,FightOwens Fight!,Spear,3139605,Marlon Mack,No
2020,147,13,3,1-800-Miwacle,Rob,3121410,Parris Campbell,No
2020,148,13,4,Seabass and the Fellas,Geoff,3123050,Chris Herndon,No
2020,149,13,5,Gotham City Rogues,Dan,3051439,Boston Scott,No
2020,150,13,6,He's Still Alive,Ken,2985659,Wil Lutz,No
2020,151,13,7,"Make POs, Lose In QFs, Repeat",Tsizz,14053,Randall Cobb,No
2020,152,13,8,Eat The Sandwich,Spencer,4035687,Michael Pittman Jr.,No
2020,153,13,9,John Loves Dogs,James,3116136,Justin Jackson,No
2020,154,13,10,Wreck Everyone and Lose,Tom,-16033,Ravens D/ST,No
2020,155,13,11,The Comeback of Johnny Man-Zeer,Gavin,-16017,Patriots D/ST,No
2020,156,13,12,Victim Complexes,Wes,4241479,Tua Tagovailoa,No
2020,157,14,1,Victim Complexes,Wes,-16003,Bears D/ST,No
2020,158,14,2,The Comeback of Johnny Man-Zeer,Gavin,16504,Jack Doyle,No
2020,159,14,3,Wreck Everyone and Lose,Tom,3915511,Joe Burrow,No
2020,160,14,4,John Loves Dogs,James,3925347,Damien Harris,No
2020,161,14,5,Eat The Sandwich,Spencer,3115375,Darrel Williams,No
2020,162,14,6,"Make POs, Lose In QFs, Repeat",Tsizz,16777,Carlos Hyde,No
2020,163,14,7,He's Still Alive,Ken,-16016,Vikings D/ST,No
2020,164,14,8,Gotham City Rogues,Dan,-16011,Colts D/ST,No
2020,165,14,9,Seabass and the Fellas,Geoff,3699935,Devine Ozigbo,No
2020,166,14,10,1-800-Miwacle,Rob,16725,Sammy Watkins,No
2020,167,14,11,FightOwens Fight!,Spear,4360438,Brandon Aiyuk,No
2020,168,14,12,"Set, Hut!",Connor,15349,Cole Beasley,No
2020,169,15,1,"Set, Hut!",Connor,9354,Robbie Gould,No
2020,170,15,2,FightOwens Fight!,Spear,-16007,Broncos D/ST,No
2020,171,15,3,1-800-Miwacle,Rob,3040569,Trent Taylor,No
2020,172,15,4,Seabass and the Fellas,Geoff,-16018,Saints D/ST,No
2020,173,15,5,Gotham City Rogues,Dan,14993,Greg Zuerlein,No
2020,174,15,6,He's Still Alive,Ken,5528,Larry Fitzgerald,No
2020,175,15,7,"Make POs, Lose In QFs, Repeat",Tsizz,14876,Ryan Tannehill,No
2020,176,15,8,Eat The Sandwich,Spencer,-16027,Buccaneers D/ST,No
2020,177,15,9,John Loves Dogs,James,-16024,Chargers D/ST,No
2020,178,15,10,Wreck Everyone and Lose,Tom,4241802,Jalen Reagor,No
2020,179,15,11,The Comeback of Johnny Man-Zeer,Gavin,3128390,Allen Lazard,No
2020,180,15,12,Victim Complexes,Wes,4035403,Denzel Mims,No
2020,181,16,1,Victim Complexes,Wes,11122,Matt Prater,No
2020,182,16,2,The Comeback of Johnny Man-Zeer,Gavin,3049899,Younghoe Koo,No
2020,183,16,3,Wreck Everyone and Lose,Tom,2971573,Ka'imi Fairbairn,No
2020,184,16,4,John Loves Dogs,James,17372,Chris Boswell,No
2020,185,16,5,Eat The Sandwich,Spencer,12460,Graham Gano,No
2020,186,16,6,"Make POs, Lose In QFs, Repeat",Tsizz,16732,Eric Ebron,No
2020,187,16,7,He's Still Alive,Ken,3917960,Steven Sims Jr.,No
2020,188,16,8,Gotham City Rogues,Dan,13232,Jimmy Graham,No
2020,189,16,9,Seabass and the Fellas,Geoff,3043234,Zane Gonzalez,No
2020,190,16,10,1-800-Miwacle,Rob,4036431,Darrynton Evans,No
2020,191,16,11,FightOwens Fight!,Spear,3050478,Jake Elliott,No
2020,192,16,12,"Set, Hut!",Connor,4040980,Irv Smith Jr.,No
2021,1,1,1,Eat The Sandwich,Spencer,4242214,Clyde Edwards-Helaire,Yes
2021,2,1,2,FightOwens Fight!,Spear,3929630,Saquon Barkley,Yes
2021,3,1,3,Def Done After This Season,Ken,15847,Travis Kelce,Yes
2021,4,1,4,. Cush .,Connor,3117251,Christian McCaffrey,Yes
2021,5,1,5,The Comeback of Johnny Man-Zeer,Gavin,4262921,Justin Jefferson,Yes
2021,6,1,6,The Best In The World,Tom,3925357,Calvin Ridley,Yes
2021,7,1,7,Ride of the Symphirrim,Tsizz,3043078,Derrick Henry,Yes
2021,8,1,8,Victim Complexes,Wes,3042519,Aaron Jones,Yes
2021,9,1,9,John Loves Dogs,James,16800,Davante Adams,Yes
2021,10,1,10,Gotham City Rogues,Dan,3040151,George Kittle,Yes
2021,11,1,11,Seabass and the Fellas,Geoff,3116406,Tyreek Hill,Yes
2021,12,1,12,1-800-Miwacle,Rob,15795,DeAndre Hopkins,Yes
2021,13,2,1,Eat The Sandwich,Spencer,4242335,Jonathan Taylor,No
2021,14,2,2,FightOwens Fight!,Spear,4035538,David Montgomery,Yes
2021,15,2,3,Def Done After This Season,Ken,4241457,Najee Harris,No
2021,16,2,4,. Cush .,Connor,4047650,DK Metcalf,Yes
2021,17,2,5,The Comeback of Johnny Man-Zeer,Gavin,4047365,Josh Jacobs,Yes
2021,18,2,6,The Best In The World,Tom,4241389,CeeDee Lamb,Yes
2021,19,2,7,Ride of the Symphirrim,Tsizz,3128720,Nick Chubb,Yes
2021,20,2,8,Victim Complexes,Wes,3051392,Ezekiel Elliott,Yes
2021,21,2,9,John Loves Dogs,James,3068267,Austin Ekeler,Yes
2021,22,2,10,Gotham City Rogues,Dan,3054850,Alvin Kamara,Yes
2021,23,2,11,Seabass and the Fellas,Geoff,3116593,Dalvin Cook,Yes
2021,24,2,12,1-800-Miwacle,Rob,2976212,Stefon Diggs,Yes
2021,25,3,1,Eat The Sandwich,Spencer,4360294,Antonio Gibson,No
2021,26,3,2,FightOwens Fight!,Spear,3116385,Joe Mixon,No
2021,27,3,3,Def Done After This Season,Ken,4045163,Miles Sanders,No
2021,28,3,4,. Cush .,Connor,2576925,Darren Waller,No
2021,29,3,5,The Comeback of Johnny Man-Zeer,Gavin,4047646,A.J. Brown,No
2021,30,3,6,The Best In The World,Tom,4052042,James Robinson,No
2021,31,3,7,Ride of the Symphirrim,Tsizz,4259545,D'Andre Swift,No
2021,32,3,8,Victim Complexes,Wes,3121422,Terry McLaurin,No
2021,33,3,9,John Loves Dogs,James,15818,Keenan Allen,No
2021,34,3,10,Gotham City Rogues,Dan,16799,Allen Robinson II,No
2021,35,3,11,Seabass and the Fellas,Geoff,15880,Robert Woods,No
2021,36,3,12,1-800-Miwacle,Rob,3919596,Chris Carson,No
2021,37,4,1,1-800-Miwacle,Rob,16460,Adam Thielen,No
2021,38,4,2,Seabass and the Fellas,Geoff,16737,Mike Evans,No
2021,39,4,3,Gotham City Rogues,Dan,2976499,Amari Cooper,No
2021,40,4,4,John Loves Dogs,James,2977187,Cooper Kupp,No
2021,41,4,5,Victim Complexes,Wes,2577327,Tyler Lockett,No
2021,42,4,6,Ride of the Symphirrim,Tsizz,3116165,Chris Godwin,No
2021,43,4,7,The Best In The World,Tom,3139477,Patrick Mahomes,No
2021,44,4,8,The Comeback of Johnny Man-Zeer,Gavin,3932905,Diontae Johnson,No
2021,45,4,9,. Cush .,Connor,4361579,Javonte Williams,No
2021,46,4,10,Def Done After This Season,Ken,13982,Julio Jones,No
2021,47,4,11,FightOwens Fight!,Spear,3915416,DJ Moore,No
2021,48,4,12,Eat The Sandwich,Spencer,16733,Odell Beckham Jr.,No
2021,49,5,1,Eat The Sandwich,Spencer,3116365,Mark Andrews,No
2021,50,5,2,FightOwens Fight!,Spear,2974858,Kenny Golladay,No
2021,51,5,3,Def Done After This Season,Ken,4239993,Tee Higgins,No
2021,52,5,4,. Cush .,Connor,3120348,JuJu Smith-Schuster,No
2021,53,5,5,The Comeback of Johnny Man-Zeer,Gavin,4360438,Brandon Aiyuk,No
2021,54,5,6,The Best In The World,Tom,3051926,Gus Edwards,No
2021,55,5,7,Ride of the Symphirrim,Tsizz,4241463,Jerry Jeudy,No
2021,56,5,8,Victim Complexes,Wes,3886818,Myles Gaskin,No
2021,57,5,9,John Loves Dogs,James,3918298,Josh Allen,No
2021,58,5,10,Gotham City Rogues,Dan,3925347,Damien Harris,No
2021,59,5,11,Seabass and the Fellas,Geoff,3119195,Chase Edmonds,No
2021,60,5,12,1-800-Miwacle,Rob,3025433,Mike Davis,No
2021,61,6,1,1-800-Miwacle,Rob,4036133,T.J. Hockenson,No
2021,62,6,2,Seabass and the Fellas,Geoff,2574808,Robby Anderson,No
2021,63,6,3,Gotham City Rogues,Dan,3128429,Courtland Sutton,No
2021,64,6,4,John Loves Dogs,James,3059915,Kareem Hunt,No
2021,65,6,5,Victim Complexes,Wes,4360248,Kyle Pitts,No
2021,66,6,6,Ride of the Symphirrim,Tsizz,4046692,Chase Claypool,No
2021,67,6,7,The Best In The World,Tom,16813,Logan Thomas,No
2021,68,6,8,The Comeback of Johnny Man-Zeer,Gavin,3917315,Kyler Murray,No
2021,69,6,9,. Cush .,Connor,3916387,Lamar Jackson,No
2021,70,6,10,Def Done After This Season,Ken,4039359,Darrell Henderson Jr.,No
2021,71,6,11,FightOwens Fight!,Spear,4362628,Ja'Marr Chase,No
2021,72,6,12,Eat The Sandwich,Spencer,16731,Brandin Cooks,No
2021,73,7,1,Eat The Sandwich,Spencer,8439,Aaron Rodgers,No
2021,74,7,2,FightOwens Fight!,Spear,3052876,William Fuller V,No
2021,75,7,3,Def Done After This Season,Ken,2577417,Dak Prescott,No
2021,76,7,4,. Cush .,Connor,3126486,Deebo Samuel,No
2021,77,7,5,The Comeback of Johnny Man-Zeer,Gavin,2576414,Raheem Mostert,No
2021,78,7,6,The Best In The World,Tom,4241478,DeVonta Smith,No
2021,79,7,7,Ride of the Symphirrim,Tsizz,4038941,Justin Herbert,No
2021,80,7,8,Victim Complexes,Wes,3045144,Tyler Boyd,No
2021,81,7,9,John Loves Dogs,James,4036131,Noah Fant,No
2021,82,7,10,Gotham City Rogues,Dan,3042778,Corey Davis,No
2021,83,7,11,Seabass and the Fellas,Geoff,14881,Russell Wilson,No
2021,84,7,12,1-800-Miwacle,Rob,2330,Tom Brady,No
2021,85,8,1,1-800-Miwacle,Rob,4243160,Laviska Shenault Jr.,No
2021,86,8,2,Seabass and the Fellas,Geoff,4036348,Michael Gallup,No
2021,87,8,3,Gotham City Rogues,Dan,4239934,AJ Dillon,No
2021,88,8,4,John Loves Dogs,James,13934,Antonio Brown,No
2021,89,8,5,Victim Complexes,Wes,3054212,Jonnu Smith,No
2021,90,8,6,Ride of the Symphirrim,Tsizz,3121023,Dallas Goedert,No
2021,91,8,7,The Best In The World,Tom,3115364,Leonard Fournette,No
2021,92,8,8,The Comeback of Johnny Man-Zeer,Gavin,2979843,Kenyan Drake,No
2021,93,8,9,. Cush .,Connor,3115394,DJ Chark Jr.,No
2021,94,8,10,Def Done After This Season,Ken,2975674,Robert Tonyan,No
2021,95,8,11,FightOwens Fight!,Spear,15072,Marvin Jones Jr.,No
2021,96,8,12,Eat The Sandwich,Spencer,2976316,Michael Thomas,No
2021,97,9,1,Eat The Sandwich,Spencer,4372016,Jaylen Waddle,No
2021,98,9,2,FightOwens Fight!,Spear,4241372,Marquise Brown,No
2021,99,9,3,Def Done After This Season,Ken,3121427,Curtis Samuel,No
2021,100,9,4,. Cush .,Connor,3128721,Sony Michel,No
2021,101,9,5,The Comeback of Johnny Man-Zeer,Gavin,3116164,Mike Gesicki,No
2021,102,9,6,The Best In The World,Tom,4241475,Henry Ruggs III,No
2021,103,9,7,Ride of the Symphirrim,Tsizz,4035676,Zack Moss,No
2021,104,9,8,Victim Complexes,Wes,3045138,Mike Williams,No
2021,105,9,9,John Loves Dogs,James,16790,Jarvis Landry,No
2021,106,9,10,Gotham City Rogues,Dan,3045147,James Conner,No
2021,107,9,11,Seabass and the Fellas,Geoff,2576434,Melvin Gordon III,No
2021,108,9,12,1-800-Miwacle,Rob,2980453,Jamaal Williams,No
2021,109,10,1,1-800-Miwacle,Rob,3916433,Jakobi Meyers,No
2021,110,10,2,Seabass and the Fellas,Geoff,4040761,Devin Singletary,No
2021,111,10,3,Gotham City Rogues,Dan,4241401,Trey Sermon,No
2021,112,10,4,John Loves Dogs,James,2508176,David Johnson,No
2021,113,10,5,Victim Complexes,Wes,4240657,Michael Carter,No
2021,114,10,6,Ride of the Symphirrim,Tsizz,3916430,Nyheim Hines,No
2021,115,10,7,The Best In The World,Tom,3912550,Ronald Jones II,No
2021,116,10,8,The Comeback of Johnny Man-Zeer,Gavin,4040715,Jalen Hurts,No
2021,117,10,9,. Cush .,Connor,4035170,Marquez Callaway,No
2021,118,10,10,Def Done After This Season,Ken,4035687,Michael Pittman Jr.,No
2021,119,10,11,FightOwens Fight!,Spear,3052117,Phillip Lindsay,No
2021,120,10,12,Eat The Sandwich,Spencer,3115378,Russell Gage,No
2021,121,11,1,Eat The Sandwich,Spencer,2976592,Sterling Shepard,No
2021,122,11,2,FightOwens Fight!,Spear,14876,Ryan Tannehill,No
2021,123,11,3,Def Done After This Season,Ken,4241802,Jalen Reagor,No
2021,124,11,4,. Cush .,Connor,15349,Cole Beasley,No
2021,125,11,5,The Comeback of Johnny Man-Zeer,Gavin,12483,Matthew Stafford,No
2021,126,11,6,The Best In The World,Tom,2576623,DeVante Parker,No
2021,127,11,7,Ride of the Symphirrim,Tsizz,2573401,Tyler Higbee,No
2021,128,11,8,Victim Complexes,Wes,4383351,Trey Lance,No
2021,129,11,9,John Loves Dogs,James,16913,James White,No
2021,130,11,10,Gotham City Rogues,Dan,4048244,Alexander Mattison,No
2021,131,11,11,Seabass and the Fellas,Geoff,3043275,Austin Hooper,No
2021,132,11,12,1-800-Miwacle,Rob,2576716,Jamison Crowder,No
2021,133,12,1,1-800-Miwacle,Rob,14053,Randall Cobb,No
2021,134,12,2,Seabass and the Fellas,Geoff,2587819,Tyrell Williams,No
2021,135,12,3,Gotham City Rogues,Dan,3915511,Joe Burrow,No
2021,136,12,4,John Loves Dogs,James,4040655,Darnell Mooney,No
2021,137,12,5,Victim Complexes,Wes,5536,Ben Roethlisberger,No
2021,138,12,6,Ride of the Symphirrim,Tsizz,13295,Emmanuel Sanders,No
2021,139,12,7,The Best In The World,Tom,-16027,Buccaneers D/ST,No
2021,140,12,8,The Comeback of Johnny Man-Zeer,Gavin,4035004,Mecole Hardman,No
2021,141,12,9,. Cush .,Connor,-16023,Steelers D/ST,No
2021,142,12,10,Def Done After This Season,Ken,-16033,Ravens D/ST,No
2021,143,12,11,FightOwens Fight!,Spear,3121410,Parris Campbell,No
2021,144,12,12,Eat The Sandwich,Spencer,2572861,J.D. McKissic,No
2021,145,13,1,Eat The Sandwich,Spencer,3046439,Hunter Henry,No
2021,146,13,2,FightOwens Fight!,Spear,-16028,Commanders D/ST,No
2021,147,13,3,Def Done After This Season,Ken,15683,Justin Tucker,No
2021,148,13,4,. Cush .,Connor,15826,Giovani Bernard,No
2021,149,13,5,The Comeback of Johnny Man-Zeer,Gavin,4372414,Elijah Moore,No
2021,150,13,6,The Best In The World,Tom,3051876,Evan Engram,No
2021,151,13,7,Ride of the Symphirrim,Tsizz,2971618,Nelson Agholor,No
2021,152,13,8,Victim Complexes,Wes,4362887,Justin Fields,No
2021,153,13,9,John Loves Dogs,James,13229,Rob Gronkowski,No
2021,154,13,10,Gotham City Rogues,Dan,4372485,Rondale Moore,No
2021,155,13,11,Seabass and the Fellas,Geoff,3052587,Baker Mayfield,No
2021,156,13,12,1-800-Miwacle,Rob,3055899,Harrison Butker,No
2021,157,14,1,1-800-Miwacle,Rob,-16002,Bills D/ST,No
2021,158,14,2,Seabass and the Fellas,Geoff,4241479,Tua Tagovailoa,No
2021,159,14,3,Gotham City Rogues,Dan,14924,T.Y. Hilton,No
2021,160,14,4,John Loves Dogs,James,2979477,Tevin Coleman,No
2021,161,14,5,Victim Complexes,Wes,3895827,Ty'Son Williams,No
2021,162,14,6,Ride of the Symphirrim,Tsizz,4360310,Trevor Lawrence,No
2021,163,14,7,The Best In The World,Tom,3917792,Daniel Jones,No
2021,164,14,8,The Comeback of Johnny Man-Zeer,Gavin,3916148,Tony Pollard,No
2021,165,14,9,. Cush .,Connor,16339,Brandon McManus,No
2021,166,14,10,Def Done After This Season,Ken,13983,A.J. Green,No
2021,167,14,11,FightOwens Fight!,Spear,4040980,Irv Smith Jr.,No
2021,168,14,12,Eat The Sandwich,Spencer,-16014,Rams D/ST,No
2021,169,15,1,Eat The Sandwich,Spencer,4249087,Matt Gay,No
2021,170,15,2,FightOwens Fight!,Spear,2570986,Malcolm Brown,No
2021,171,15,3,Def Done After This Season,Ken,4241464,Mac Jones,No
2021,172,15,4,. Cush .,Connor,4038818,Bryan Edwards,No
2021,173,15,5,The Comeback of Johnny Man-Zeer,Gavin,-16025,49ers D/ST,No
2021,174,15,6,The Best In The World,Tom,4240600,Kadarius Toney,No
2021,175,15,7,Ride of the Symphirrim,Tsizz,12460,Graham Gano,No
2021,176,15,8,Victim Complexes,Wes,-16017,Patriots D/ST,No
2021,177,15,9,John Loves Dogs,James,-16007,Broncos D/ST,No
2021,178,15,10,Gotham City Rogues,Dan,-16016,Vikings D/ST,No
2021,179,15,11,Seabass and the Fellas,Geoff,-16005,Browns D/ST,No
2021,180,15,12,1-800-Miwacle,Rob,4569173,Rhamondre Stevenson,No
2021,181,16,1,1-800-Miwacle,Rob,4258595,Cole Kmet,No
2021,182,16,2,Seabass and the Fellas,Geoff,2473037,Jason Myers,No
2021,183,16,3,Gotham City Rogues,Dan,3124679,Jason Sanders,No
2021,184,16,4,John Loves Dogs,James,3049899,Younghoe Koo,No
2021,185,16,5,Victim Complexes,Wes,2998120,Josh Lambo,No
2021,186,16,6,Ride of the Symphirrim,Tsizz,-16003,Bears D/ST,No
2021,187,16,7,The Best In The World,Tom,3150744,Chase McLaughlin,No
2021,188,16,8,The Comeback of Johnny Man-Zeer,Gavin,14993,Greg Zuerlein,No
2021,189,16,9,. Cush .,Connor,4374302,Amon-Ra St. Brown,No
2021,190,16,10,Def Done After This Season,Ken,16777,Carlos Hyde,No
2021,191,16,11,FightOwens Fight!,Spear,3917232,Tyler Bass,No
2021,192,16,12,Eat The Sandwich,Spencer,4036431,Darrynton Evans,No
